dt,AverageTemperature,AverageTemperatureUncertainty,Country
1743-11-01,4.384,2.294,Åland
1743-12-01,,,Åland
1744-01-01,,,Åland
1744-02-01,,,Åland
1744-03-01,,,Åland
1744-04-01,1.53,4.68,Åland
1744-05-01,6.702,1.789,Åland
1744-06-01,11.609,1.577,Åland
1744-07-01,15.342,1.41,Åland
1744-08-01,,,Åland
1744-09-01,11.702,1.517,Åland
1744-10-01,5.477,1.862,Åland
1744-11-01,3.407,1.425,Åland
1744-12-01,-2.181,1.641,Åland
1745-01-01,-3.85,1.841,Åland
1745-02-01,-6.575,1.36,Åland
1745-03-01,-4.195,1.213,Åland
1745-04-01,-0.966,1.172,Åland
1745-05-01,,,Åland
1745-06-01,,,Åland
1745-07-01,,,Åland
1745-08-01,,,Åland
1745-09-01,,,Åland
1745-10-01,,,Åland
1745-11-01,,,Åland
1745-12-01,,,Åland
1746-01-01,,,Åland
1746-02-01,,,Åland
1746-03-01,,,Åland
1746-04-01,,,Åland
1746-05-01,,,Åland
1746-06-01,,,Åland
1746-07-01,,,Åland
1746-08-01,,,Åland
1746-09-01,,,Åland
1746-10-01,,,Åland
1746-11-01,,,Åland
1746-12-01,,,Åland
1747-01-01,,,Åland
1747-02-01,,,Åland
1747-03-01,,,Åland
1747-04-01,,,Åland
1747-05-01,,,Åland
1747-06-01,,,Åland
1747-07-01,,,Åland
1747-08-01,,,Åland
1747-09-01,,,Åland
1747-10-01,,,Åland
1747-11-01,,,Åland
1747-12-01,,,Åland
1748-01-01,,,Åland
1748-02-01,,,Åland
1748-03-01,,,Åland
1748-04-01,,,Åland
1748-05-01,,,Åland
1748-06-01,,,Åland
1748-07-01,,,Åland
1748-08-01,,,Åland
1748-09-01,,,Åland
1748-10-01,,,Åland
1748-11-01,,,Åland
1748-12-01,,,Åland
1749-01-01,,,Åland
1749-02-01,,,Åland
1749-03-01,,,Åland
1749-04-01,,,Åland
1749-05-01,,,Åland
1749-06-01,,,Åland
1749-07-01,,,Åland
1749-08-01,,,Åland
1749-09-01,,,Åland
1749-10-01,,,Åland
1749-11-01,,,Åland
1749-12-01,,,Åland
1750-01-01,1.091,1.119,Åland
1750-02-01,0.809,3.353,Åland
1750-03-01,0.923,4.716,Åland
1750-04-01,3.943,1.434,Åland
1750-05-01,6.265,1.339,Åland
1750-06-01,12.408,1.204,Åland
1750-07-01,16.683,1.184,Åland
1750-08-01,17.076,0.996,Åland
1750-09-01,11.459,1.881,Åland
1750-10-01,2.627,1.562,Åland
1750-11-01,,,Åland
1750-12-01,-4.058,2.166,Åland
1751-01-01,-3.408,1.52,Åland
1751-02-01,-8.393,2.525,Åland
1751-03-01,-0.122,1.919,Åland
1751-04-01,2.159,0.922,Åland
1751-05-01,,,Åland
1751-06-01,10.688,1.477,Åland
1751-07-01,15.66,0.966,Åland
1751-08-01,15.689,1.144,Åland
1751-09-01,10.906,1.23,Åland
1751-10-01,,,Åland
1751-11-01,,,Åland
1751-12-01,,,Åland
1752-01-01,-4.633,2.852,Åland
1752-02-01,,,Åland
1752-03-01,-0.362,1.695,Åland
1752-04-01,1.941,3.397,Åland
1752-05-01,,,Åland
1752-06-01,,,Åland
1752-07-01,,,Åland
1752-08-01,,,Åland
1752-09-01,,,Åland
1752-10-01,7.61,2.482,Åland
1752-11-01,4.767,0.816,Åland
1752-12-01,0.427,0.937,Åland
1753-01-01,-2.412,8.018,Åland
1753-02-01,-3.273,3.736,Åland
1753-03-01,0.71,4.638,Åland
1753-04-01,2.778,5.138,Åland
1753-05-01,6.226,3.15,Åland
1753-06-01,11.102,3.644,Åland
1753-07-01,15.159,2.493,Åland
1753-08-01,15.786,9.13,Åland
1753-09-01,12.106,1.765,Åland
1753-10-01,8.756,3.676,Åland
1753-11-01,2.248,4.019,Åland
1753-12-01,-7.766,6.527,Åland
1754-01-01,-3.147,1.767,Åland
1754-02-01,-4.444,5.279,Åland
1754-03-01,-3.95,3.862,Åland
1754-04-01,2.471,8.258,Åland
1754-05-01,7.888,3.964,Åland
1754-06-01,12.842,1.227,Åland
1754-07-01,14.454,3.098,Åland
1754-08-01,14.683,6.097,Åland
1754-09-01,10.99,3.874,Åland
1754-10-01,7.096,2.012,Åland
1754-11-01,2.574,2.015,Åland
1754-12-01,-0.04,2.952,Åland
1755-01-01,-5.508,5.459,Åland
1755-02-01,-7.167,4.337,Åland
1755-03-01,-4.352,5.195,Åland
1755-04-01,2.818,4.353,Åland
1755-05-01,7.581,2.224,Åland
1755-06-01,13.364,4.186,Åland
1755-07-01,17.261,2.268,Åland
1755-08-01,13.704,3.426,Åland
1755-09-01,10.562,1.085,Åland
1755-10-01,7.176,7.677,Åland
1755-11-01,2.284,9.648,Åland
1755-12-01,-0.929,7.111,Åland
1756-01-01,-1.067,7.157,Åland
1756-02-01,0.662,5.233,Åland
1756-03-01,-1.182,7.668,Åland
1756-04-01,0.474,3.513,Åland
1756-05-01,4.81,4.509,Åland
1756-06-01,13.363,3.6,Åland
1756-07-01,16.399,1.969,Åland
1756-08-01,13.464,10.578,Åland
1756-09-01,11.083,4.164,Åland
1756-10-01,6.68,4.14,Åland
1756-11-01,-0.801,5.774,Åland
1756-12-01,-1.959,2.809,Åland
1757-01-01,-5.325,4.919,Åland
1757-02-01,-2.16,5.202,Åland
1757-03-01,-2.577,3.94,Åland
1757-04-01,4.093,7.184,Åland
1757-05-01,5.977,4.366,Åland
1757-06-01,13.588,4.935,Åland
1757-07-01,18.789,7.637,Åland
1757-08-01,16.486,5.349,Åland
1757-09-01,12.153,8.68,Åland
1757-10-01,3.229,13.13,Åland
1757-11-01,3.417,6.237,Åland
1757-12-01,-2.704,11.586,Åland
1758-01-01,-5.71,2.476,Åland
1758-02-01,-5.325,3.111,Åland
1758-03-01,-3.421,4.84,Åland
1758-04-01,0.718,7.7,Åland
1758-05-01,7.602,7.108,Åland
1758-06-01,11.967,6.198,Åland
1758-07-01,15.07,9.513,Åland
1758-08-01,15.119,7.553,Åland
1758-09-01,9.125,3.638,Åland
1758-10-01,3.787,13.325,Åland
1758-11-01,2.931,10.969,Åland
1758-12-01,-2.965,6.102,Åland
1759-01-01,0.345,7.627,Åland
1759-02-01,0.769,9.249,Åland
1759-03-01,-0.989,4.239,Åland
1759-04-01,1.956,5.9,Åland
1759-05-01,4.655,3.88,Åland
1759-06-01,13.475,6.703,Åland
1759-07-01,16.594,5.281,Åland
1759-08-01,16.313,7.887,Åland
1759-09-01,10.245,7.207,Åland
1759-10-01,5.969,5.829,Åland
1759-11-01,1.141,7.096,Åland
1759-12-01,-5.048,12.074,Åland
1760-01-01,-10.332,4.84,Åland
1760-02-01,-2.77,3.819,Åland
1760-03-01,-3.757,11.41,Åland
1760-04-01,0.459,7.891,Åland
1760-05-01,7.03,4.621,Åland
1760-06-01,12.566,2.798,Åland
1760-07-01,16.539,5.901,Åland
1760-08-01,15.035,9.908,Åland
1760-09-01,13.197,6.986,Åland
1760-10-01,4.524,5.654,Åland
1760-11-01,1.72,4.041,Åland
1760-12-01,-2.347,3.738,Åland
1761-01-01,-2.079,7.774,Åland
1761-02-01,-3.68,4.301,Åland
1761-03-01,0.934,1.208,Åland
1761-04-01,2.373,4.665,Åland
1761-05-01,7.578,5.625,Åland
1761-06-01,14.774,3.85,Åland
1761-07-01,16.057,6.988,Åland
1761-08-01,17.323,4.872,Åland
1761-09-01,12.987,4.879,Åland
1761-10-01,3.682,5.992,Åland
1761-11-01,2.614,2.091,Åland
1761-12-01,-3.304,3.151,Åland
1762-01-01,0.215,2.966,Åland
1762-02-01,-2.592,9.239,Åland
1762-03-01,-4.233,5.139,Åland
1762-04-01,3.92,4.804,Åland
1762-05-01,7.405,8.019,Åland
1762-06-01,14.341,8.752,Åland
1762-07-01,14.975,4.532,Åland
1762-08-01,13.467,2.77,Åland
1762-09-01,10.098,9.182,Åland
1762-10-01,1.871,4.385,Åland
1762-11-01,3.859,2.93,Åland
1762-12-01,-0.722,5.937,Åland
1763-01-01,-4.768,6.679,Åland
1763-02-01,-4.482,3.702,Åland
1763-03-01,-4.896,7.582,Åland
1763-04-01,0.211,2.731,Åland
1763-05-01,7.112,4.587,Åland
1763-06-01,12.233,6.653,Åland
1763-07-01,17.515,1.479,Åland
1763-08-01,15.593,4.474,Åland
1763-09-01,10.138,3.103,Åland
1763-10-01,5.44,6.754,Åland
1763-11-01,1.839,3.644,Åland
1763-12-01,-1.185,2.732,Åland
1764-01-01,-2.231,5.695,Åland
1764-02-01,0.47,3.528,Åland
1764-03-01,-0.341,4.054,Åland
1764-04-01,2.11,5.47,Åland
1764-05-01,7.303,8.837,Åland
1764-06-01,10.353,4.268,Åland
1764-07-01,18.555,6.708,Åland
1764-08-01,14.799,1.899,Åland
1764-09-01,10.581,5.687,Åland
1764-10-01,5.98,2.983,Åland
1764-11-01,1.357,3.15,Åland
1764-12-01,-2.185,4.442,Åland
1765-01-01,-2.934,11.117,Åland
1765-02-01,-4.727,5.062,Åland
1765-03-01,-0.455,3.074,Åland
1765-04-01,2.569,1.64,Åland
1765-05-01,5.451,1.969,Åland
1765-06-01,11.665,4.407,Åland
1765-07-01,14.662,3.192,Åland
1765-08-01,15.225,4.244,Åland
1765-09-01,10.114,2.02,Åland
1765-10-01,6.435,1.646,Åland
1765-11-01,4.085,4.62,Åland
1765-12-01,-1.483,2.726,Åland
1766-01-01,-4.325,6.992,Åland
1766-02-01,-4.681,4.584,Åland
1766-03-01,-0.293,3.561,Åland
1766-04-01,4.707,4.069,Åland
1766-05-01,7.28,2.616,Åland
1766-06-01,14.119,7.783,Åland
1766-07-01,17.58,4.345,Åland
1766-08-01,15.528,3.983,Åland
1766-09-01,11.862,4.564,Åland
1766-10-01,6.512,1.803,Åland
1766-11-01,5.06,5.637,Åland
1766-12-01,-2.613,4.389,Åland
1767-01-01,-9.896,7.788,Åland
1767-02-01,-5.456,8.989,Åland
1767-03-01,-1.691,9.065,Åland
1767-04-01,-0.384,6.685,Åland
1767-05-01,6.059,2.77,Åland
1767-06-01,11.831,4.945,Åland
1767-07-01,14.74,5.032,Åland
1767-08-01,17.376,2.932,Åland
1767-09-01,13.64,4.838,Åland
1767-10-01,6.604,3.01,Åland
1767-11-01,5.13,8.788,Åland
1767-12-01,-1.848,6.312,Åland
1768-01-01,-5.159,13.06,Åland
1768-02-01,-5.297,8.96,Åland
1768-03-01,-5.464,5.978,Åland
1768-04-01,0.841,4.586,Åland
1768-05-01,6.021,2.876,Åland
1768-06-01,12,5.193,Åland
1768-07-01,16.285,4.795,Åland
1768-08-01,15.682,2.126,Åland
1768-09-01,9.936,4.955,Åland
1768-10-01,4.583,5.809,Åland
1768-11-01,2.524,5.441,Åland
1768-12-01,2.579,6.791,Åland
1769-01-01,-0.732,5.382,Åland
1769-02-01,-3.336,3.441,Åland
1769-03-01,-1.116,6.046,Åland
1769-04-01,2.116,6.861,Åland
1769-05-01,6.633,9.802,Åland
1769-06-01,12.872,4.945,Åland
1769-07-01,15.174,6.218,Åland
1769-08-01,14.677,5.447,Åland
1769-09-01,11.08,1.389,Åland
1769-10-01,3.046,3.16,Åland
1769-11-01,0.171,1.195,Åland
1769-12-01,-2.288,3.991,Åland
1770-01-01,-3.685,7.158,Åland
1770-02-01,-2.078,4.531,Åland
1770-03-01,-9.111,5.379,Åland
1770-04-01,1.195,13.024,Åland
1770-05-01,7.046,1.969,Åland
1770-06-01,12.316,4.657,Åland
1770-07-01,15.492,7.857,Åland
1770-08-01,16.496,5.314,Åland
1770-09-01,13.241,3.626,Åland
1770-10-01,9.111,5.7,Åland
1770-11-01,0.797,6.608,Åland
1770-12-01,-0.998,11.143,Åland
1771-01-01,-6.181,8.776,Åland
1771-02-01,-7.981,4.67,Åland
1771-03-01,-7.407,8.285,Åland
1771-04-01,-0.651,8.057,Åland
1771-05-01,7.5,12.332,Åland
1771-06-01,14.65,3.14,Åland
1771-07-01,15.534,1.145,Åland
1771-08-01,14.046,3.133,Åland
1771-09-01,11.144,1.807,Åland
1771-10-01,6.801,1.982,Åland
1771-11-01,1.726,5.182,Åland
1771-12-01,1.101,4.939,Åland
1772-01-01,-4.417,7.867,Åland
1772-02-01,-9.032,10.881,Åland
1772-03-01,-6.344,5.183,Åland
1772-04-01,0.315,5.058,Åland
1772-05-01,4.257,1.791,Åland
1772-06-01,11.97,5.816,Åland
1772-07-01,16.133,3.991,Åland
1772-08-01,15.525,5.036,Åland
1772-09-01,11.12,3.665,Åland
1772-10-01,9.246,2.189,Åland
1772-11-01,6.095,5.863,Åland
1772-12-01,1.591,4.168,Åland
1773-01-01,-2.853,3.137,Åland
1773-02-01,-2.991,3.642,Åland
1773-03-01,-1.146,2.356,Åland
1773-04-01,3.789,2.965,Åland
1773-05-01,9.05,4.168,Åland
1773-06-01,12.297,1.116,Åland
1773-07-01,17.003,2.72,Åland
1773-08-01,16.775,2.444,Åland
1773-09-01,12.558,2.332,Åland
1773-10-01,8.237,1.886,Åland
1773-11-01,4.098,7.55,Åland
1773-12-01,-0.265,6.387,Åland
1774-01-01,-9.685,10.528,Åland
1774-02-01,-3.544,8.314,Åland
1774-03-01,-2.52,3.307,Åland
1774-04-01,2.146,5.917,Åland
1774-05-01,8.823,3.241,Åland
1774-06-01,15.11,8.623,Åland
1774-07-01,17.358,7.976,Åland
1774-08-01,15.828,3.634,Åland
1774-09-01,10.994,3.7,Åland
1774-10-01,6.618,4.992,Åland
1774-11-01,-4.17,7.29,Åland
1774-12-01,-2.59,5.854,Åland
1775-01-01,-3.75,5.623,Åland
1775-02-01,-1.628,5.469,Åland
1775-03-01,-0.116,2.582,Åland
1775-04-01,2.152,1.791,Åland
1775-05-01,7.555,3.572,Åland
1775-06-01,14.274,5.745,Åland
1775-07-01,18.174,1.823,Åland
1775-08-01,18.412,2.342,Åland
1775-09-01,14.978,3.601,Åland
1775-10-01,9.37,2.721,Åland
1775-11-01,1.135,6.892,Åland
1775-12-01,1.113,2.582,Åland
1776-01-01,-8.039,7.06,Åland
1776-02-01,-1.429,3.838,Åland
1776-03-01,-1.56,3.386,Åland
1776-04-01,1.294,1.313,Åland
1776-05-01,5.733,3.662,Åland
1776-06-01,14.147,3.839,Åland
1776-07-01,18.226,3.824,Åland
1776-08-01,16.592,5.263,Åland
1776-09-01,11.414,3.663,Åland
1776-10-01,7.416,3.905,Åland
1776-11-01,3.416,7.246,Åland
1776-12-01,0.615,3.71,Åland
1777-01-01,-4.148,5.223,Åland
1777-02-01,-5.695,5.26,Åland
1777-03-01,-3.869,2.478,Åland
1777-04-01,0.627,2.316,Åland
1777-05-01,8.602,4.254,Åland
1777-06-01,12.138,3.304,Åland
1777-07-01,14.652,2.394,Åland
1777-08-01,15.231,2.172,Åland
1777-09-01,10.56,5.124,Åland
1777-10-01,5.703,5.737,Åland
1777-11-01,3.681,2.208,Åland
1777-12-01,0.082,1.923,Åland
1778-01-01,-4.417,3.25,Åland
1778-02-01,-3.126,4.601,Åland
1778-03-01,-2.779,4.602,Åland
1778-04-01,3.076,1.729,Åland
1778-05-01,7.939,3.755,Åland
1778-06-01,12.688,6.763,Åland
1778-07-01,16.984,1.524,Åland
1778-08-01,15.276,4.207,Åland
1778-09-01,11.135,1.855,Åland
1778-10-01,1.999,7.644,Åland
1778-11-01,1.734,4.857,Åland
1778-12-01,0.4,3.663,Åland
1779-01-01,-1.805,3.726,Åland
1779-02-01,1.68,8.976,Åland
1779-03-01,2.727,5.392,Åland
1779-04-01,3.998,4.271,Åland
1779-05-01,8.172,2.132,Åland
1779-06-01,11.744,4.557,Åland
1779-07-01,15.728,3.029,Åland
1779-08-01,18.395,4.176,Åland
1779-09-01,13.053,2.695,Åland
1779-10-01,9.617,4.277,Åland
1779-11-01,2.782,2.519,Åland
1779-12-01,-3.123,10.619,Åland
1780-01-01,-5.616,6.173,Åland
1780-02-01,-4.661,3.788,Åland
1780-03-01,0.736,1.402,Åland
1780-04-01,1.575,2.742,Åland
1780-05-01,6.587,1.94,Åland
1780-06-01,11.245,5.985,Åland
1780-07-01,16.693,2.761,Åland
1780-08-01,16.056,5.338,Åland
1780-09-01,10.736,4.285,Åland
1780-10-01,7.552,2.383,Åland
1780-11-01,0.157,2.991,Åland
1780-12-01,-1.885,2.749,Åland
1781-01-01,-4.608,9.235,Åland
1781-02-01,-4.343,12.315,Åland
1781-03-01,-0.405,1.581,Åland
1781-04-01,2.395,3.231,Åland
1781-05-01,5.636,3.461,Åland
1781-06-01,13.779,2.691,Åland
1781-07-01,16.342,4.292,Åland
1781-08-01,18.589,1.401,Åland
1781-09-01,14.686,7.217,Åland
1781-10-01,6.167,1.058,Åland
1781-11-01,4.061,2.536,Åland
1781-12-01,-3.879,8.393,Åland
1782-01-01,-1.718,4.827,Åland
1782-02-01,-5.24,9.9,Åland
1782-03-01,-5.054,2.985,Åland
1782-04-01,0.138,4.709,Åland
1782-05-01,5.115,3.849,Åland
1782-06-01,11.805,2.953,Åland
1782-07-01,14.623,5.606,Åland
1782-08-01,15.356,3.155,Åland
1782-09-01,12.18,3.278,Åland
1782-10-01,5.187,4.272,Åland
1782-11-01,0.61,9.815,Åland
1782-12-01,-1.597,5.775,Åland
1783-01-01,-6.032,10.028,Åland
1783-02-01,-2.231,4.591,Åland
1783-03-01,-3.559,2.925,Åland
1783-04-01,3.726,2.277,Åland
1783-05-01,8.135,5.849,Åland
1783-06-01,13.804,2.847,Åland
1783-07-01,17.823,4.056,Åland
1783-08-01,15.942,1.719,Åland
1783-09-01,13.222,4.698,Åland
1783-10-01,8.301,4.73,Åland
1783-11-01,1.13,3.428,Åland
1783-12-01,-2.099,3.683,Åland
1784-01-01,-6.596,10.129,Åland
1784-02-01,-4.675,8.871,Åland
1784-03-01,-8.178,7.115,Åland
1784-04-01,0.738,8.852,Åland
1784-05-01,6.258,2.306,Åland
1784-06-01,11.307,2.691,Åland
1784-07-01,14.996,5.504,Åland
1784-08-01,14.663,7.651,Åland
1784-09-01,10.51,5.319,Åland
1784-10-01,5.429,5.061,Åland
1784-11-01,3.711,2.638,Åland
1784-12-01,-3.648,2.567,Åland
1785-01-01,-4.12,3.837,Åland
1785-02-01,-6.172,6.483,Åland
1785-03-01,-6.432,4.148,Åland
1785-04-01,0.363,4.305,Åland
1785-05-01,4.466,5.505,Åland
1785-06-01,12.029,5.48,Åland
1785-07-01,15.885,5.102,Åland
1785-08-01,14.926,4.223,Åland
1785-09-01,9.771,1.67,Åland
1785-10-01,5.487,3.813,Åland
1785-11-01,2.943,5.358,Åland
1785-12-01,-3.02,2.28,Åland
1786-01-01,-5.509,3.191,Åland
1786-02-01,-4.65,2.547,Åland
1786-03-01,-6.575,7.297,Åland
1786-04-01,1.694,5.186,Åland
1786-05-01,5.408,4.472,Åland
1786-06-01,12.718,2.605,Åland
1786-07-01,15.294,5.688,Åland
1786-08-01,16.107,8.499,Åland
1786-09-01,11.363,9.736,Åland
1786-10-01,5.528,2.043,Åland
1786-11-01,-2.518,5.857,Åland
1786-12-01,-1.659,2.919,Åland
1787-01-01,-2.13,4.401,Åland
1787-02-01,-1.498,4.941,Åland
1787-03-01,-0.557,4.675,Åland
1787-04-01,0.917,3.43,Åland
1787-05-01,7.161,5.796,Åland
1787-06-01,12.814,4.781,Åland
1787-07-01,14.788,7.861,Åland
1787-08-01,13.848,6.002,Åland
1787-09-01,10.693,3.581,Åland
1787-10-01,8.488,8.582,Åland
1787-11-01,0.219,1.876,Åland
1787-12-01,-3.581,5.304,Åland
1788-01-01,-3.004,2.281,Åland
1788-02-01,-6.96,6.903,Åland
1788-03-01,-6.231,3.727,Åland
1788-04-01,2.767,4.133,Åland
1788-05-01,6.621,2.662,Åland
1788-06-01,13.668,3.418,Åland
1788-07-01,18.059,5.142,Åland
1788-08-01,15.09,2.355,Åland
1788-09-01,13.179,1.708,Åland
1788-10-01,4.421,3.679,Åland
1788-11-01,2.07,3.137,Åland
1788-12-01,-9.564,4.472,Åland
1789-01-01,-7.374,6.58,Åland
1789-02-01,-4.433,4.143,Åland
1789-03-01,-8.952,5.226,Åland
1789-04-01,0.218,3.171,Åland
1789-05-01,8.215,4.28,Åland
1789-06-01,14.725,2.231,Åland
1789-07-01,18.543,3.528,Åland
1789-08-01,18.346,2.009,Åland
1789-09-01,13.855,1.829,Åland
1789-10-01,9,4.839,Åland
1789-11-01,3.885,1.278,Åland
1789-12-01,3.919,2.195,Åland
1790-01-01,0.028,5.263,Åland
1790-02-01,0.628,5.05,Åland
1790-03-01,1.611,2.903,Åland
1790-04-01,-1.541,3.314,Åland
1790-05-01,7.96,2.513,Åland
1790-06-01,11.527,3.36,Åland
1790-07-01,13.862,3.109,Åland
1790-08-01,14.128,2.49,Åland
1790-09-01,10.803,2.268,Åland
1790-10-01,5.558,3.408,Åland
1790-11-01,1.757,1.554,Åland
1790-12-01,0.058,8.984,Åland
1791-01-01,2.236,7.79,Åland
1791-02-01,-0.196,2.477,Åland
1791-03-01,0.975,4.826,Åland
1791-04-01,3.234,3.245,Åland
1791-05-01,5.638,2.74,Åland
1791-06-01,11.683,2.483,Åland
1791-07-01,17.014,2.518,Åland
1791-08-01,16.114,1.659,Åland
1791-09-01,10.546,2.931,Åland
1791-10-01,5.643,1.526,Åland
1791-11-01,2.62,2.852,Åland
1791-12-01,-0.729,2.447,Åland
1792-01-01,-5.16,5.392,Åland
1792-02-01,-5.496,3.191,Åland
1792-03-01,-3.603,2.032,Åland
1792-04-01,3.039,2.116,Åland
1792-05-01,6.917,2.609,Åland
1792-06-01,13.162,1.824,Åland
1792-07-01,18.159,2.757,Åland
1792-08-01,15.12,2.299,Åland
1792-09-01,12.363,4.204,Åland
1792-10-01,5.151,2.6,Åland
1792-11-01,4.283,3.629,Åland
1792-12-01,0.048,4.052,Åland
1793-01-01,-2.29,4.882,Åland
1793-02-01,-1.193,5.41,Åland
1793-03-01,-1.254,4.239,Åland
1793-04-01,2.233,2.521,Åland
1793-05-01,7.544,1.926,Åland
1793-06-01,12.414,4.339,Åland
1793-07-01,16.659,7.172,Åland
1793-08-01,15.767,6.44,Åland
1793-09-01,10.901,2.933,Åland
1793-10-01,7.858,4.744,Åland
1793-11-01,2.348,5.914,Åland
1793-12-01,-2.742,3.494,Åland
1794-01-01,-0.5,6.827,Åland
1794-02-01,-1.833,8.406,Åland
1794-03-01,2.218,2.131,Åland
1794-04-01,4.787,2.655,Åland
1794-05-01,8.527,4.078,Åland
1794-06-01,13.58,6.301,Åland
1794-07-01,16.626,7.957,Åland
1794-08-01,15.086,3.236,Åland
1794-09-01,11.093,3.295,Åland
1794-10-01,8.335,3.449,Åland
1794-11-01,3.049,3.696,Åland
1794-12-01,-0.267,3.404,Åland
1795-01-01,-6.087,6.816,Åland
1795-02-01,-6.987,9.52,Åland
1795-03-01,-5.934,3.618,Åland
1795-04-01,3.352,2.887,Åland
1795-05-01,5.295,5.869,Åland
1795-06-01,12.225,2.917,Åland
1795-07-01,15.333,4.155,Åland
1795-08-01,15.386,3.104,Åland
1795-09-01,12.586,5.587,Åland
1795-10-01,7.428,4.982,Åland
1795-11-01,2.306,2.734,Åland
1795-12-01,-2.555,4.18,Åland
1796-01-01,2.502,4.211,Åland
1796-02-01,-1.866,1.647,Åland
1796-03-01,-3.031,3.753,Åland
1796-04-01,2.766,1.783,Åland
1796-05-01,6.848,1.387,Åland
1796-06-01,13.22,5.065,Åland
1796-07-01,16.222,3.085,Åland
1796-08-01,16.417,5.252,Åland
1796-09-01,11.314,5.316,Åland
1796-10-01,7.398,1.584,Åland
1796-11-01,1.954,3.654,Åland
1796-12-01,-4.383,6.048,Åland
1797-01-01,-0.93,8.587,Åland
1797-02-01,2.919,3.277,Åland
1797-03-01,0.032,2.648,Åland
1797-04-01,1.897,4.581,Åland
1797-05-01,6.616,3.334,Åland
1797-06-01,12.8,2.683,Åland
1797-07-01,16.313,3.254,Åland
1797-08-01,15.772,3.409,Åland
1797-09-01,14.004,4.867,Åland
1797-10-01,7.145,2.563,Åland
1797-11-01,1.665,3.603,Åland
1797-12-01,0.366,3.907,Åland
1798-01-01,-2.793,1.602,Åland
1798-02-01,-2.009,2.554,Åland
1798-03-01,-2.089,2.476,Åland
1798-04-01,2.959,1.504,Åland
1798-05-01,10.554,5.317,Åland
1798-06-01,13.93,3.155,Åland
1798-07-01,17.985,3.404,Åland
1798-08-01,17.29,6.769,Åland
1798-09-01,12.047,4.023,Åland
1798-10-01,8.297,3.813,Åland
1798-11-01,2.708,3.728,Åland
1798-12-01,-2.931,3.549,Åland
1799-01-01,-1.943,3.439,Åland
1799-02-01,-12.02,3.327,Åland
1799-03-01,-4.718,3.278,Åland
1799-04-01,0.645,4.901,Åland
1799-05-01,4.381,1.908,Åland
1799-06-01,11.929,3.941,Åland
1799-07-01,15.437,3.188,Åland
1799-08-01,14.272,1.421,Åland
1799-09-01,10.559,3.645,Åland
1799-10-01,6.757,2.834,Åland
1799-11-01,6.069,2.952,Åland
1799-12-01,-3.907,1.713,Åland
1800-01-01,-5.567,2.118,Åland
1800-02-01,-4.887,6.1,Åland
1800-03-01,-6.784,4.519,Åland
1800-04-01,3.487,2.092,Åland
1800-05-01,7.045,1.747,Åland
1800-06-01,9.58,1.639,Åland
1800-07-01,13.945,2.536,Åland
1800-08-01,14.85,3.676,Åland
1800-09-01,10.291,3.676,Åland
1800-10-01,7.612,3.694,Åland
1800-11-01,4.633,3.082,Åland
1800-12-01,1.962,3.963,Åland
1801-01-01,-2.655,2.078,Åland
1801-02-01,-4.479,1.913,Åland
1801-03-01,-0.53,1.989,Åland
1801-04-01,3.498,1.98,Åland
1801-05-01,10.712,3.098,Åland
1801-06-01,11.649,2.845,Åland
1801-07-01,16.829,3.741,Åland
1801-08-01,13.313,2.045,Åland
1801-09-01,11.077,2.198,Åland
1801-10-01,6.926,1.918,Åland
1801-11-01,3.206,2.059,Åland
1801-12-01,-2.68,6.502,Åland
1802-01-01,-6.046,3.08,Åland
1802-02-01,-2.114,2.631,Åland
1802-03-01,0.985,2.469,Åland
1802-04-01,3.557,2.536,Åland
1802-05-01,4.928,2.369,Åland
1802-06-01,11.013,2.087,Åland
1802-07-01,14.154,2.641,Åland
1802-08-01,15.951,2.419,Åland
1802-09-01,10.177,3.917,Åland
1802-10-01,8.394,4.566,Åland
1802-11-01,0.951,2.631,Åland
1802-12-01,-1.31,2.351,Åland
1803-01-01,-8.914,4.169,Åland
1803-02-01,-5.98,4.274,Åland
1803-03-01,-1.785,3.493,Åland
1803-04-01,5.263,2.622,Åland
1803-05-01,8.068,2.701,Åland
1803-06-01,11.667,1.902,Åland
1803-07-01,16.553,2.142,Åland
1803-08-01,16.712,2.856,Åland
1803-09-01,10.249,1.428,Åland
1803-10-01,5.476,4.036,Åland
1803-11-01,0.727,2.985,Åland
1803-12-01,-5.876,2.632,Åland
1804-01-01,-3.729,6.074,Åland
1804-02-01,-7.515,2.333,Åland
1804-03-01,-5.674,4.568,Åland
1804-04-01,1.197,2.949,Åland
1804-05-01,8.309,1.675,Åland
1804-06-01,12.559,1.478,Åland
1804-07-01,17.844,3.879,Åland
1804-08-01,16.009,2.225,Åland
1804-09-01,13.046,5.338,Åland
1804-10-01,8.119,2.731,Åland
1804-11-01,0.322,5.638,Åland
1804-12-01,-6.224,5.319,Åland
1805-01-01,-4.053,3.031,Åland
1805-02-01,-7.421,3.199,Åland
1805-03-01,-2.47,2.241,Åland
1805-04-01,0.513,4.079,Åland
1805-05-01,5.003,1.26,Åland
1805-06-01,9.874,3.21,Åland
1805-07-01,16.43,2.669,Åland
1805-08-01,16.062,2.428,Åland
1805-09-01,12.104,3.642,Åland
1805-10-01,2.3,2.082,Åland
1805-11-01,0.686,2.487,Åland
1805-12-01,-1.899,2.289,Åland
1806-01-01,-1.897,2.624,Åland
1806-02-01,-5.05,4.85,Åland
1806-03-01,-4.407,3.709,Åland
1806-04-01,-0.49,4.836,Åland
1806-05-01,6.872,2.302,Åland
1806-06-01,9.626,2.344,Åland
1806-07-01,13.948,1.851,Åland
1806-08-01,16.437,2.426,Åland
1806-09-01,13.515,3.505,Åland
1806-10-01,5.995,1.137,Åland
1806-11-01,2.416,1.249,Åland
1806-12-01,1.458,3.513,Åland
1807-01-01,-4.176,3.279,Åland
1807-02-01,-1.824,5.62,Åland
1807-03-01,-3.342,5.274,Åland
1807-04-01,-1.327,2.989,Åland
1807-05-01,5.33,1.843,Åland
1807-06-01,11.678,1.232,Åland
1807-07-01,16.642,4.106,Åland
1807-08-01,18.271,3.138,Åland
1807-09-01,9.905,1.391,Åland
1807-10-01,4.951,1.753,Åland
1807-11-01,2.241,3.094,Åland
1807-12-01,-0.244,2.415,Åland
1808-01-01,-1.136,3.582,Åland
1808-02-01,-6.135,2.928,Åland
1808-03-01,-4.929,5.92,Åland
1808-04-01,-1.626,1.993,Åland
1808-05-01,7.731,4.579,Åland
1808-06-01,13.053,1.738,Åland
1808-07-01,16.365,1.737,Åland
1808-08-01,16.185,2.208,Åland
1808-09-01,12.507,4.328,Åland
1808-10-01,8.201,1.894,Åland
1808-11-01,2.047,2.909,Åland
1808-12-01,-5.415,2.364,Åland
1809-01-01,-11.387,5.185,Åland
1809-02-01,-7.498,4.851,Åland
1809-03-01,-5.65,3.921,Åland
1809-04-01,-2.107,5.468,Åland
1809-05-01,7.671,3.326,Åland
1809-06-01,12.007,2.01,Åland
1809-07-01,16.106,1.55,Åland
1809-08-01,17.218,1.359,Åland
1809-09-01,12.074,2.903,Åland
1809-10-01,6.164,5.904,Åland
1809-11-01,0.018,3.714,Åland
1809-12-01,2.572,4.759,Åland
1810-01-01,-1.914,6.906,Åland
1810-02-01,-4.248,4.918,Åland
1810-03-01,-5.673,3.753,Åland
1810-04-01,-1.619,5.091,Åland
1810-05-01,3.883,3.863,Åland
1810-06-01,10.818,4.111,Åland
1810-07-01,15.538,4.135,Åland
1810-08-01,15.853,3.283,Åland
1810-09-01,11.972,1.835,Åland
1810-10-01,5.588,5.634,Åland
1810-11-01,0.569,3.16,Åland
1810-12-01,-1.606,4.216,Åland
1811-01-01,-3.231,4.085,Åland
1811-02-01,-4.132,5.356,Åland
1811-03-01,1.07,3.028,Åland
1811-04-01,0.239,1.232,Åland
1811-05-01,8.74,4.559,Åland
1811-06-01,14.515,3.875,Åland
1811-07-01,17.548,3.466,Åland
1811-08-01,15.524,4.757,Åland
1811-09-01,10.792,3.274,Åland
1811-10-01,4.921,6.036,Åland
1811-11-01,2.987,6.248,Åland
1811-12-01,0.233,2.818,Åland
1812-01-01,-3.603,3.191,Åland
1812-02-01,-2.402,1.504,Åland
1812-03-01,-5.047,3.512,Åland
1812-04-01,-2.463,3.245,Åland
1812-05-01,4.416,3.257,Åland
1812-06-01,11.2,1.161,Åland
1812-07-01,13.611,2.026,Åland
1812-08-01,15.98,5.867,Åland
1812-09-01,9.003,1.16,Åland
1812-10-01,8.046,4.416,Åland
1812-11-01,0.281,4.125,Åland
1812-12-01,-5.309,5.075,Åland
1813-01-01,-4.02,5.161,Åland
1813-02-01,-0.815,2.228,Åland
1813-03-01,-0.394,9.23,Åland
1813-04-01,2.386,1.095,Åland
1813-05-01,5.542,7.32,Åland
1813-06-01,10.371,3.673,Åland
1813-07-01,16.857,2.466,Åland
1813-08-01,15.072,1.241,Åland
1813-09-01,12.719,2.1,Åland
1813-10-01,3.734,1.579,Åland
1813-11-01,4.093,2.565,Åland
1813-12-01,-1.111,2.154,Åland
1814-01-01,-12.187,6.694,Åland
1814-02-01,-7.595,1.981,Åland
1814-03-01,-3.138,3.099,Åland
1814-04-01,2.813,1.337,Åland
1814-05-01,4.343,1.851,Åland
1814-06-01,10.861,1.691,Åland
1814-07-01,17.75,3.816,Åland
1814-08-01,15.963,1.547,Åland
1814-09-01,10.657,1.845,Åland
1814-10-01,5.705,4.52,Åland
1814-11-01,3.806,6.921,Åland
1814-12-01,-0.777,8.539,Åland
1815-01-01,-3.511,2.36,Åland
1815-02-01,-2.735,7.969,Åland
1815-03-01,-1.135,5.048,Åland
1815-04-01,2.71,2.175,Åland
1815-05-01,6.506,3.174,Åland
1815-06-01,10.418,3.209,Åland
1815-07-01,13.643,3.315,Åland
1815-08-01,16.286,1.727,Åland
1815-09-01,11.015,1.33,Åland
1815-10-01,6.98,4.466,Åland
1815-11-01,3.216,2.812,Åland
1815-12-01,-1.844,2.592,Åland
1816-01-01,-2.307,4.676,Åland
1816-02-01,-8.116,3.038,Åland
1816-03-01,-4.223,3.149,Åland
1816-04-01,1.04,5.1,Åland
1816-05-01,4.255,2.723,Åland
1816-06-01,12.222,2.084,Åland
1816-07-01,16.537,2.88,Åland
1816-08-01,13.931,1.024,Åland
1816-09-01,11.392,1.417,Åland
1816-10-01,5.343,7.848,Åland
1816-11-01,1.592,8.689,Åland
1816-12-01,-0.088,2.512,Åland
1817-01-01,1.212,5.948,Åland
1817-02-01,-0.59,3.274,Åland
1817-03-01,-3.12,3.268,Åland
1817-04-01,0.558,2.519,Åland
1817-05-01,7.974,3.142,Åland
1817-06-01,11.439,1.988,Åland
1817-07-01,16.007,1.869,Åland
1817-08-01,14.805,2.421,Åland
1817-09-01,11.703,3.35,Åland
1817-10-01,4.16,4.003,Åland
1817-11-01,2.126,3.042,Åland
1817-12-01,-7.117,4.542,Åland
1818-01-01,-2.372,4.48,Åland
1818-02-01,-3.269,1.705,Åland
1818-03-01,-0.67,2.474,Åland
1818-04-01,-1.052,6.893,Åland
1818-05-01,5.917,3.954,Åland
1818-06-01,12.086,5.286,Åland
1818-07-01,18.598,4.155,Åland
1818-08-01,13.429,1.299,Åland
1818-09-01,11.556,3.049,Åland
1818-10-01,7.983,2.962,Åland
1818-11-01,4.117,6.555,Åland
1818-12-01,2.981,2.364,Åland
1819-01-01,1.76,3.733,Åland
1819-02-01,-2.146,4.13,Åland
1819-03-01,-1.27,7.952,Åland
1819-04-01,1.3,1.687,Åland
1819-05-01,7.109,2.065,Åland
1819-06-01,14.31,1.812,Åland
1819-07-01,18.117,1.108,Åland
1819-08-01,18.552,2.203,Åland
1819-09-01,13.83,1.609,Åland
1819-10-01,5.682,2.043,Åland
1819-11-01,-0.616,2.941,Åland
1819-12-01,-5.642,3.775,Åland
1820-01-01,-9.312,8.952,Åland
1820-02-01,-3.826,3.686,Åland
1820-03-01,-2.554,3.046,Åland
1820-04-01,2.599,1.384,Åland
1820-05-01,7.892,2.304,Åland
1820-06-01,12.302,1.269,Åland
1820-07-01,15.547,4.018,Åland
1820-08-01,15.351,2.892,Åland
1820-09-01,11.825,2.533,Åland
1820-10-01,6.667,0.999,Åland
1820-11-01,1.546,0.89,Åland
1820-12-01,-4.067,1.659,Åland
1821-01-01,-4.375,3.591,Åland
1821-02-01,-3.501,4.914,Åland
1821-03-01,-3.663,2.135,Åland
1821-04-01,3.311,2.381,Åland
1821-05-01,7.059,2.344,Åland
1821-06-01,8.929,3.427,Åland
1821-07-01,13.124,2.576,Åland
1821-08-01,13.613,1.269,Åland
1821-09-01,11.874,1.195,Åland
1821-10-01,9.628,0.87,Åland
1821-11-01,3.575,3.086,Åland
1821-12-01,2.519,2.009,Åland
1822-01-01,-1.299,3.622,Åland
1822-02-01,2.471,2.516,Åland
1822-03-01,3.066,1.914,Åland
1822-04-01,4.307,1.591,Åland
1822-05-01,8.616,2.001,Åland
1822-06-01,11.789,1.967,Åland
1822-07-01,15.141,1.829,Åland
1822-08-01,15.905,3.294,Åland
1822-09-01,11.042,2.57,Åland
1822-10-01,7.827,0.847,Åland
1822-11-01,5.236,1.552,Åland
1822-12-01,1.243,2.876,Åland
1823-01-01,-7.085,2.866,Åland
1823-02-01,-5.344,3.048,Åland
1823-03-01,-0.419,1.871,Åland
1823-04-01,0.435,3.168,Åland
1823-05-01,5.932,2.249,Åland
1823-06-01,13.116,3.234,Åland
1823-07-01,15.35,0.899,Åland
1823-08-01,16.469,1.953,Åland
1823-09-01,11.328,1.647,Åland
1823-10-01,9.312,1.873,Åland
1823-11-01,3.451,4.072,Åland
1823-12-01,1.629,0.95,Åland
1824-01-01,1.125,1.298,Åland
1824-02-01,-0.448,2.868,Åland
1824-03-01,-1.497,1.971,Åland
1824-04-01,2.863,2.883,Åland
1824-05-01,5.996,2.321,Åland
1824-06-01,11.958,4.206,Åland
1824-07-01,15.076,4.637,Åland
1824-08-01,15.247,3.063,Åland
1824-09-01,14.177,2.511,Åland
1824-10-01,5.656,1.593,Åland
1824-11-01,2.65,2.586,Åland
1824-12-01,0.387,4.641,Åland
1825-01-01,0.493,3.643,Åland
1825-02-01,-2.749,1.653,Åland
1825-03-01,-1.753,2.935,Åland
1825-04-01,1.868,3.096,Åland
1825-05-01,6.636,0.766,Åland
1825-06-01,12.117,0.626,Åland
1825-07-01,14.555,3.24,Åland
1825-08-01,15.143,3.281,Åland
1825-09-01,11.398,2.402,Åland
1825-10-01,7.595,2.168,Åland
1825-11-01,3.528,2.815,Åland
1825-12-01,0.455,1.234,Åland
1826-01-01,-5.181,1.371,Åland
1826-02-01,-0.077,2.497,Åland
1826-03-01,-0.02,2.166,Åland
1826-04-01,1.631,3.722,Åland
1826-05-01,8.482,2.158,Åland
1826-06-01,14.411,2.786,Åland
1826-07-01,19.166,1.954,Åland
1826-08-01,17.727,2.051,Åland
1826-09-01,11.505,2.889,Åland
1826-10-01,8.292,2.658,Åland
1826-11-01,3.104,0.51,Åland
1826-12-01,1.29,2.905,Åland
1827-01-01,-4.002,3.275,Åland
1827-02-01,-6.543,1.744,Åland
1827-03-01,-1.901,2.109,Åland
1827-04-01,3.71,4.349,Åland
1827-05-01,8.772,3.217,Åland
1827-06-01,14.521,2.59,Åland
1827-07-01,14.691,1.579,Åland
1827-08-01,14.393,2.068,Åland
1827-09-01,12.736,1.228,Åland
1827-10-01,6.488,1.62,Åland
1827-11-01,0.789,1.681,Åland
1827-12-01,2.264,5.201,Åland
1828-01-01,-4.809,3.397,Åland
1828-02-01,-5.925,2.34,Åland
1828-03-01,-2.3,2.705,Åland
1828-04-01,1.572,2.445,Åland
1828-05-01,7.652,3.453,Åland
1828-06-01,13.651,2.884,Åland
1828-07-01,17.039,1.934,Åland
1828-08-01,15.558,2.501,Åland
1828-09-01,10.472,1.198,Åland
1828-10-01,6.683,1.613,Åland
1828-11-01,2.615,2.348,Åland
1828-12-01,-2.835,3.526,Åland
1829-01-01,-6.231,2.514,Åland
1829-02-01,-9.837,3.472,Åland
1829-03-01,-5.918,2.248,Åland
1829-04-01,-1.745,2.209,Åland
1829-05-01,6.481,4.415,Åland
1829-06-01,13.308,3.246,Åland
1829-07-01,16.503,1.717,Åland
1829-08-01,14.229,2.484,Åland
1829-09-01,11.834,2.441,Åland
1829-10-01,4.712,2.118,Åland
1829-11-01,-1.552,3.514,Åland
1829-12-01,-4.391,5.691,Åland
1830-01-01,-5.52,4.114,Åland
1830-02-01,-6.611,1.388,Åland
1830-03-01,-0.55,1.169,Åland
1830-04-01,1.963,1.815,Åland
1830-05-01,5.476,1.751,Åland
1830-06-01,11.87,4.075,Åland
1830-07-01,16.215,2.47,Åland
1830-08-01,14.591,2.895,Åland
1830-09-01,10.931,3.237,Åland
1830-10-01,6.748,3.732,Åland
1830-11-01,4.038,2.679,Åland
1830-12-01,-2.043,2.457,Åland
1831-01-01,-7.341,2.686,Åland
1831-02-01,-3.524,5.693,Åland
1831-03-01,-4.36,4.975,Åland
1831-04-01,2.748,1.311,Åland
1831-05-01,7.016,3.875,Åland
1831-06-01,13.332,2.779,Åland
1831-07-01,17.525,2.071,Åland
1831-08-01,15.738,2.344,Åland
1831-09-01,9.928,2.056,Åland
1831-10-01,7.981,1.578,Åland
1831-11-01,1.674,5.636,Åland
1831-12-01,-0.104,4.889,Åland
1832-01-01,-1.779,2.15,Åland
1832-02-01,-0.393,2.983,Åland
1832-03-01,-0.364,1.558,Åland
1832-04-01,2.597,3.778,Åland
1832-05-01,4.862,2.735,Åland
1832-06-01,11.507,2.937,Åland
1832-07-01,12.352,3.492,Åland
1832-08-01,14.394,2.443,Åland
1832-09-01,9.536,3.188,Åland
1832-10-01,7.838,2.069,Åland
1832-11-01,2.095,0.772,Åland
1832-12-01,0.447,4.938,Åland
1833-01-01,-1.518,3.867,Åland
1833-02-01,-1.99,2.421,Åland
1833-03-01,-3.324,3.223,Åland
1833-04-01,-0.139,2.109,Åland
1833-05-01,8.317,2.192,Åland
1833-06-01,12.76,2.452,Åland
1833-07-01,15.095,1.897,Åland
1833-08-01,12.18,2.384,Åland
1833-09-01,12.249,1.431,Åland
1833-10-01,8.634,1.527,Åland
1833-11-01,4.129,1.79,Åland
1833-12-01,-0.779,3.358,Åland
1834-01-01,-4.23,2.459,Åland
1834-02-01,-0.777,2.567,Åland
1834-03-01,-0.29,2.559,Åland
1834-04-01,1.827,2.606,Åland
1834-05-01,7.017,1.565,Åland
1834-06-01,12.14,3.067,Åland
1834-07-01,17.939,1.876,Åland
1834-08-01,18.558,1.65,Åland
1834-09-01,11.208,3.366,Åland
1834-10-01,6.62,1.38,Åland
1834-11-01,1.629,2.762,Åland
1834-12-01,-0.009,1.837,Åland
1835-01-01,-0.781,2.359,Åland
1835-02-01,-0.505,2.617,Åland
1835-03-01,-0.844,2.073,Åland
1835-04-01,0.769,2.766,Åland
1835-05-01,4.469,1.899,Åland
1835-06-01,12.89,2.489,Åland
1835-07-01,15.087,2.645,Åland
1835-08-01,13.359,1.445,Åland
1835-09-01,12.636,2.033,Åland
1835-10-01,7.125,1.014,Åland
1835-11-01,-0.057,1.486,Åland
1835-12-01,-4.226,1.476,Åland
1836-01-01,-3.755,0.91,Åland
1836-02-01,-2.459,2.001,Åland
1836-03-01,1.162,1.408,Åland
1836-04-01,2.466,0.971,Åland
1836-05-01,4.895,1.794,Åland
1836-06-01,11.128,1.203,Åland
1836-07-01,13.709,1.84,Åland
1836-08-01,13.187,1.918,Åland
1836-09-01,9.234,2.77,Åland
1836-10-01,7.231,5.721,Åland
1836-11-01,0.955,1.585,Åland
1836-12-01,-1.65,3.231,Åland
1837-01-01,-4.377,2.56,Åland
1837-02-01,-1.131,2.064,Åland
1837-03-01,-4.544,1.938,Åland
1837-04-01,0.043,2.085,Åland
1837-05-01,5.983,1.766,Åland
1837-06-01,10.967,2.146,Åland
1837-07-01,13.444,1.7,Åland
1837-08-01,15.425,1.63,Åland
1837-09-01,10.559,1.696,Åland
1837-10-01,6.572,2.746,Åland
1837-11-01,3.741,2.096,Åland
1837-12-01,-1.236,4.117,Åland
1838-01-01,-9.03,3.873,Åland
1838-02-01,-9.898,2.152,Åland
1838-03-01,-5.071,1.589,Åland
1838-04-01,-1.079,1.442,Åland
1838-05-01,5.63,1.267,Åland
1838-06-01,11.712,1.973,Åland
1838-07-01,15.376,4.13,Åland
1838-08-01,13.715,3.813,Åland
1838-09-01,13.191,1.977,Åland
1838-10-01,5.32,4.092,Åland
1838-11-01,1.179,3.064,Åland
1838-12-01,0.079,3.174,Åland
1839-01-01,-3.045,1.731,Åland
1839-02-01,-3.41,1.651,Åland
1839-03-01,-6.925,1.181,Åland
1839-04-01,-1.716,1.96,Åland
1839-05-01,8.872,0.796,Åland
1839-06-01,12.366,1.266,Åland
1839-07-01,16.954,3.544,Åland
1839-08-01,15.105,2.911,Åland
1839-09-01,12.316,1.586,Åland
1839-10-01,7.783,1.742,Åland
1839-11-01,1.867,1.634,Åland
1839-12-01,-3.795,1.483,Åland
1840-01-01,-3.158,2.449,Åland
1840-02-01,-3.489,1.871,Åland
1840-03-01,-2.603,1.548,Åland
1840-04-01,1.883,3.204,Åland
1840-05-01,4.424,1.8,Åland
1840-06-01,11.691,1.463,Åland
1840-07-01,13.916,1.427,Åland
1840-08-01,14.99,1.377,Åland
1840-09-01,12.402,1.248,Åland
1840-10-01,4.981,1.654,Åland
1840-11-01,1.864,3.296,Åland
1840-12-01,-3.861,1.938,Åland
1841-01-01,-5.952,2.194,Åland
1841-02-01,-6.211,1.2,Åland
1841-03-01,-1.095,3.68,Åland
1841-04-01,2.722,1.968,Åland
1841-05-01,9.047,0.628,Åland
1841-06-01,12.06,1.12,Åland
1841-07-01,13.647,1.79,Åland
1841-08-01,15.383,1.74,Åland
1841-09-01,11.414,1.061,Åland
1841-10-01,6.25,1.627,Åland
1841-11-01,1.948,0.992,Åland
1841-12-01,2.843,1.772,Åland
1842-01-01,-3.177,2.201,Åland
1842-02-01,0.165,1.827,Åland
1842-03-01,-0.867,2.538,Åland
1842-04-01,0.927,2.569,Åland
1842-05-01,8.692,1.186,Åland
1842-06-01,11.788,0.626,Åland
1842-07-01,14.193,1.437,Åland
1842-08-01,17.83,1.661,Åland
1842-09-01,10.716,1.463,Åland
1842-10-01,5.131,1.249,Åland
1842-11-01,0.212,1.82,Åland
1842-12-01,3.058,1.971,Åland
1843-01-01,0.452,1.575,Åland
1843-02-01,-2.389,2.091,Åland
1843-03-01,-3.139,1.551,Åland
1843-04-01,-0.559,1.921,Åland
1843-05-01,4.155,0.863,Åland
1843-06-01,11.375,1.494,Åland
1843-07-01,15.582,1.048,Åland
1843-08-01,17.684,2.225,Åland
1843-09-01,11.452,0.472,Åland
1843-10-01,4.914,1.828,Åland
1843-11-01,2.604,0.467,Åland
1843-12-01,2.687,2.819,Åland
1844-01-01,-4.305,1.226,Åland
1844-02-01,-10.714,2.021,Åland
1844-03-01,-4.58,2.31,Åland
1844-04-01,1.919,1.063,Åland
1844-05-01,7.982,0.659,Åland
1844-06-01,10.436,1.032,Åland
1844-07-01,13.15,1.068,Åland
1844-08-01,14.955,2.866,Åland
1844-09-01,11.761,0.702,Åland
1844-10-01,6.813,1.251,Åland
1844-11-01,0.55,1.176,Åland
1844-12-01,-3.818,1.062,Åland
1845-01-01,0.258,1.686,Åland
1845-02-01,-9.49,3.227,Åland
1845-03-01,-6.971,1.129,Åland
1845-04-01,0.674,1.446,Åland
1845-05-01,5.148,1.438,Åland
1845-06-01,12.539,1.639,Åland
1845-07-01,16.319,1.24,Åland
1845-08-01,15.671,1.103,Åland
1845-09-01,11.08,1.132,Åland
1845-10-01,5.193,1.378,Åland
1845-11-01,4.389,1.564,Åland
1845-12-01,-0.275,2.377,Åland
1846-01-01,-3.503,2.495,Åland
1846-02-01,-5.472,1.902,Åland
1846-03-01,0.949,1.881,Åland
1846-04-01,1.692,2.01,Åland
1846-05-01,5.447,2.207,Åland
1846-06-01,12.098,1.527,Åland
1846-07-01,16.842,2.317,Åland
1846-08-01,19.973,1.766,Åland
1846-09-01,12.403,1.902,Åland
1846-10-01,10.182,1.113,Åland
1846-11-01,3.529,1.796,Åland
1846-12-01,-4.165,1.18,Åland
1847-01-01,-2.964,6.158,Åland
1847-02-01,-6.211,0.927,Åland
1847-03-01,-2.598,2.533,Åland
1847-04-01,-1.647,1.253,Åland
1847-05-01,5.328,1.217,Åland
1847-06-01,12.483,1.614,Åland
1847-07-01,14.784,1.628,Åland
1847-08-01,17.251,1.585,Åland
1847-09-01,11.986,0.812,Åland
1847-10-01,5.656,0.887,Åland
1847-11-01,6.012,1.19,Åland
1847-12-01,0.88,2.001,Åland
1848-01-01,-6.787,1.759,Åland
1848-02-01,-2.021,1.674,Åland
1848-03-01,-0.239,0.985,Åland
1848-04-01,2.697,0.935,Åland
1848-05-01,7.94,1.641,Åland
1848-06-01,12.637,2.187,Åland
1848-07-01,14.58,2.475,Åland
1848-08-01,14.106,1.909,Åland
1848-09-01,11.303,1.474,Åland
1848-10-01,6.558,0.832,Åland
1848-11-01,1.257,1.27,Åland
1848-12-01,-0.306,1.461,Åland
1849-01-01,-5.549,1.127,Åland
1849-02-01,-1.882,1.464,Åland
1849-03-01,-2.489,2.162,Åland
1849-04-01,0.176,1.536,Åland
1849-05-01,7.442,0.506,Åland
1849-06-01,10.158,1.813,Åland
1849-07-01,14.324,0.901,Åland
1849-08-01,15.004,1.305,Åland
1849-09-01,10.955,1.045,Åland
1849-10-01,5.518,1.425,Åland
1849-11-01,2.435,1.821,Åland
1849-12-01,-2.547,1.527,Åland
1850-01-01,-9.083,1.834,Åland
1850-02-01,-2.309,1.603,Åland
1850-03-01,-4.801,3.033,Åland
1850-04-01,1.242,2.008,Åland
1850-05-01,7.92,0.881,Åland
1850-06-01,12.704,0.948,Åland
1850-07-01,15.906,1.064,Åland
1850-08-01,16.318,1.222,Åland
1850-09-01,10.484,0.975,Åland
1850-10-01,5.219,1.042,Åland
1850-11-01,0.686,1.859,Åland
1850-12-01,1.498,0.951,Åland
1851-01-01,-1.44,0.985,Åland
1851-02-01,-3.052,0.946,Åland
1851-03-01,-4.528,1.008,Åland
1851-04-01,2.117,1.517,Åland
1851-05-01,4.945,1.055,Åland
1851-06-01,11.352,1.213,Åland
1851-07-01,14.741,1.87,Åland
1851-08-01,14.122,1.878,Åland
1851-09-01,11.633,1.242,Åland
1851-10-01,8.337,2.217,Åland
1851-11-01,3.485,1.189,Åland
1851-12-01,1.964,3.034,Åland
1852-01-01,-1.432,2.91,Åland
1852-02-01,-4.743,1.206,Åland
1852-03-01,-1.908,1.417,Åland
1852-04-01,-1.769,1.745,Åland
1852-05-01,7.651,1.137,Åland
1852-06-01,13.417,0.953,Åland
1852-07-01,17.035,1.542,Åland
1852-08-01,16.645,1.037,Åland
1852-09-01,12.046,1.156,Åland
1852-10-01,3.028,1.321,Åland
1852-11-01,-0.371,1.255,Åland
1852-12-01,0.349,1.856,Åland
1853-01-01,0.063,1.056,Åland
1853-02-01,-6.46,0.987,Åland
1853-03-01,-7.537,1.611,Åland
1853-04-01,-1.293,1.389,Åland
1853-05-01,7.155,0.642,Åland
1853-06-01,14.03,0.846,Åland
1853-07-01,16.607,0.793,Åland
1853-08-01,14.347,1.038,Åland
1853-09-01,11.917,0.756,Åland
1853-10-01,7.281,0.932,Åland
1853-11-01,3.47,1.87,Åland
1853-12-01,-0.687,0.982,Åland
1854-01-01,-4.902,2.575,Åland
1854-02-01,-3.622,1.404,Åland
1854-03-01,-0.224,1.418,Åland
1854-04-01,2.111,1.424,Åland
1854-05-01,8.328,0.793,Åland
1854-06-01,12.738,1.559,Åland
1854-07-01,17.298,1.288,Åland
1854-08-01,17.447,1.595,Åland
1854-09-01,10.779,0.588,Åland
1854-10-01,7.127,0.891,Åland
1854-11-01,0.81,1.091,Åland
1854-12-01,-0.37,2.862,Åland
1855-01-01,-4.518,2.048,Åland
1855-02-01,-10.478,1.44,Åland
1855-03-01,-4.195,0.935,Åland
1855-04-01,0.817,1.68,Åland
1855-05-01,5.662,1.359,Åland
1855-06-01,12.777,1.199,Åland
1855-07-01,19.091,1.044,Åland
1855-08-01,14.741,0.79,Åland
1855-09-01,10.559,0.62,Åland
1855-10-01,7.23,1.192,Åland
1855-11-01,2.092,0.671,Åland
1855-12-01,-4.792,2.086,Åland
1856-01-01,-3.391,1.119,Åland
1856-02-01,-5.969,1.713,Åland
1856-03-01,-3.893,1.329,Åland
1856-04-01,1.394,0.655,Åland
1856-05-01,4.715,2.125,Åland
1856-06-01,11.18,1.554,Åland
1856-07-01,14.234,0.669,Åland
1856-08-01,11.965,1.822,Åland
1856-09-01,10.325,1.555,Åland
1856-10-01,7.217,0.85,Åland
1856-11-01,-2.508,1.016,Åland
1856-12-01,-1.556,1.248,Åland
1857-01-01,-5.805,1.391,Åland
1857-02-01,-1.111,2.024,Åland
1857-03-01,-1.54,1.146,Åland
1857-04-01,0.015,0.932,Åland
1857-05-01,5.652,0.949,Åland
1857-06-01,10.834,0.698,Åland
1857-07-01,14.705,0.74,Åland
1857-08-01,17.691,0.931,Åland
1857-09-01,11.589,0.828,Åland
1857-10-01,8.49,1.151,Åland
1857-11-01,3.27,1.158,Åland
1857-12-01,3.216,0.765,Åland
1858-01-01,-0.749,2.122,Åland
1858-02-01,-3.366,0.814,Åland
1858-03-01,-1.771,1.449,Åland
1858-04-01,1.124,1.647,Åland
1858-05-01,7.129,1.208,Åland
1858-06-01,13.826,1.577,Åland
1858-07-01,18.036,1.259,Åland
1858-08-01,18.04,1.157,Åland
1858-09-01,13.903,1.208,Åland
1858-10-01,6.926,1.118,Åland
1858-11-01,-0.882,1.358,Åland
1858-12-01,-0.439,1.141,Åland
1859-01-01,1.118,1.011,Åland
1859-02-01,0.099,1.381,Åland
1859-03-01,-0.456,1.413,Åland
1859-04-01,0.644,0.958,Åland
1859-05-01,7.821,1.122,Åland
1859-06-01,13.925,1.291,Åland
1859-07-01,15.876,1.428,Åland
1859-08-01,15.963,0.978,Åland
1859-09-01,11.813,0.71,Åland
1859-10-01,5.797,0.978,Åland
1859-11-01,3.084,1.586,Åland
1859-12-01,-1.734,1.98,Åland
1860-01-01,-2.082,1.177,Åland
1860-02-01,-6.668,0.847,Åland
1860-03-01,-3.341,2.171,Åland
1860-04-01,1.599,1.247,Åland
1860-05-01,5.38,0.466,Åland
1860-06-01,12.822,0.854,Åland
1860-07-01,16.043,0.781,Åland
1860-08-01,15.209,0.97,Åland
1860-09-01,11.615,0.727,Åland
1860-10-01,5.818,0.562,Åland
1860-11-01,1.842,0.946,Åland
1860-12-01,-5.153,1.062,Åland
1861-01-01,-8.613,1.076,Åland
1861-02-01,-1.683,1.404,Åland
1861-03-01,-0.347,0.809,Åland
1861-04-01,0.632,0.871,Åland
1861-05-01,4.266,0.702,Åland
1861-06-01,14.251,1.95,Åland
1861-07-01,17.475,1.346,Åland
1861-08-01,15.389,0.695,Åland
1861-09-01,10.25,0.76,Åland
1861-10-01,8.238,0.603,Åland
1861-11-01,1.176,1.756,Åland
1861-12-01,1.332,1.795,Åland
1862-01-01,-7.475,1.145,Åland
1862-02-01,-7.128,1.097,Åland
1862-03-01,-5.046,0.518,Åland
1862-04-01,1.352,1.328,Åland
1862-05-01,7.895,1.936,Åland
1862-06-01,10.976,1.435,Åland
1862-07-01,12.839,1,Åland
1862-08-01,13.55,1.182,Åland
1862-09-01,10.803,1.102,Åland
1862-10-01,7.153,1.146,Åland
1862-11-01,3.28,1.128,Åland
1862-12-01,-1.595,1.382,Åland
1863-01-01,1.59,2.508,Åland
1863-02-01,0.844,2.815,Åland
1863-03-01,-0.626,0.652,Åland
1863-04-01,2.236,1.702,Åland
1863-05-01,6.003,1.212,Åland
1863-06-01,12.763,1.583,Åland
1863-07-01,13.746,0.967,Åland
1863-08-01,14.854,1.12,Åland
1863-09-01,12.492,0.788,Åland
1863-10-01,8.598,1.07,Åland
1863-11-01,4.633,0.901,Åland
1863-12-01,0.624,1.378,Åland
1864-01-01,-2.716,1.008,Åland
1864-02-01,-2.184,1.766,Åland
1864-03-01,-2.32,0.916,Åland
1864-04-01,0.971,0.933,Åland
1864-05-01,3.213,0.942,Åland
1864-06-01,12.537,1.06,Åland
1864-07-01,15.854,0.728,Åland
1864-08-01,12.191,1.223,Åland
1864-09-01,10.915,1.305,Åland
1864-10-01,3.42,0.72,Åland
1864-11-01,-0.949,0.895,Åland
1864-12-01,-0.149,1.205,Åland
1865-01-01,-2.048,0.94,Åland
1865-02-01,-9.071,1.732,Åland
1865-03-01,-4.983,0.412,Åland
1865-04-01,2.03,1.134,Åland
1865-05-01,8.13,1.6,Åland
1865-06-01,9.629,1.163,Åland
1865-07-01,17.454,1.061,Åland
1865-08-01,13.567,0.598,Åland
1865-09-01,12.02,0.459,Åland
1865-10-01,4.804,0.694,Åland
1865-11-01,4.313,0.97,Åland
1865-12-01,1.678,1.696,Åland
1866-01-01,2.033,0.462,Åland
1866-02-01,-4.318,0.88,Åland
1866-03-01,-6.226,1.325,Åland
1866-04-01,2.105,0.834,Åland
1866-05-01,4.843,1.137,Åland
1866-06-01,13.389,0.783,Åland
1866-07-01,13.914,0.747,Åland
1866-08-01,15.054,0.879,Åland
1866-09-01,13.849,0.537,Åland
1866-10-01,6.546,0.416,Åland
1866-11-01,0.095,0.517,Åland
1866-12-01,-2.054,1.021,Åland
1867-01-01,-9.226,1.664,Åland
1867-02-01,-2.399,0.641,Åland
1867-03-01,-5.327,0.984,Åland
1867-04-01,-1.176,0.94,Åland
1867-05-01,1.432,0.825,Åland
1867-06-01,9.845,0.867,Åland
1867-07-01,13.934,1.127,Åland
1867-08-01,14.665,0.737,Åland
1867-09-01,10.581,0.758,Åland
1867-10-01,7.443,0.619,Åland
1867-11-01,0.791,1.777,Åland
1867-12-01,-6.877,1.868,Åland
1868-01-01,-5.317,0.544,Åland
1868-02-01,-2.565,1.659,Åland
1868-03-01,-0.604,0.634,Åland
1868-04-01,1.677,1.179,Åland
1868-05-01,7.807,1.291,Åland
1868-06-01,12.748,0.886,Åland
1868-07-01,17.314,0.66,Åland
1868-08-01,18.3,0.766,Åland
1868-09-01,11.161,0.828,Åland
1868-10-01,7.005,0.901,Åland
1868-11-01,1.153,1.171,Åland
1868-12-01,-0.189,1.186,Åland
1869-01-01,-1.98,1.474,Åland
1869-02-01,-0.323,1.326,Åland
1869-03-01,-2.269,1.053,Åland
1869-04-01,3.474,1.68,Åland
1869-05-01,5.466,0.94,Åland
1869-06-01,10.366,0.746,Åland
1869-07-01,15.002,0.712,Åland
1869-08-01,14.511,0.79,Åland
1869-09-01,11.424,0.556,Åland
1869-10-01,5.847,0.977,Åland
1869-11-01,0.745,0.458,Åland
1869-12-01,0.111,1.09,Åland
1870-01-01,-0.8,1.539,Åland
1870-02-01,-7.592,1.353,Åland
1870-03-01,-2.895,0.558,Åland
1870-04-01,3.478,1.181,Åland
1870-05-01,6.568,0.885,Åland
1870-06-01,12.053,0.939,Åland
1870-07-01,16.091,0.672,Åland
1870-08-01,14.438,0.373,Åland
1870-09-01,11.212,0.588,Åland
1870-10-01,5.018,0.788,Åland
1870-11-01,3.197,1.782,Åland
1870-12-01,-6.721,1.207,Åland
1871-01-01,-5.496,1.682,Åland
1871-02-01,-12.87,2.123,Åland
1871-03-01,1.482,1.599,Åland
1871-04-01,-0.98,0.704,Åland
1871-05-01,4.287,0.736,Åland
1871-06-01,9.344,1.03,Åland
1871-07-01,15.755,0.369,Åland
1871-08-01,15.285,0.189,Åland
1871-09-01,9.112,0.551,Åland
1871-10-01,5.489,0.57,Åland
1871-11-01,-0.47,0.99,Åland
1871-12-01,-2.156,0.642,Åland
1872-01-01,0.636,2.111,Åland
1872-02-01,-1.785,1.527,Åland
1872-03-01,-1.564,0.685,Åland
1872-04-01,2.518,1.558,Åland
1872-05-01,7.908,0.752,Åland
1872-06-01,13.28,0.976,Åland
1872-07-01,17.037,0.65,Åland
1872-08-01,14.535,1,Åland
1872-09-01,10.844,0.375,Åland
1872-10-01,8.764,0.516,Åland
1872-11-01,4.446,1.004,Åland
1872-12-01,-1.416,1.72,Åland
1873-01-01,1.614,1.398,Åland
1873-02-01,-2.825,1.336,Åland
1873-03-01,-1.67,0.977,Åland
1873-04-01,0.452,1.115,Åland
1873-05-01,4.539,1.189,Åland
1873-06-01,12.919,0.576,Åland
1873-07-01,16.966,0.782,Åland
1873-08-01,14.925,0.432,Åland
1873-09-01,12.3,1.028,Åland
1873-10-01,6.866,0.537,Åland
1873-11-01,3.078,0.477,Åland
1873-12-01,1.062,0.722,Åland
1874-01-01,2.359,1.316,Åland
1874-02-01,-0.747,0.544,Åland
1874-03-01,-1.235,1.192,Åland
1874-04-01,2.001,0.689,Åland
1874-05-01,4.346,0.591,Åland
1874-06-01,11.655,0.982,Åland
1874-07-01,15.487,0.605,Åland
1874-08-01,13.658,0.583,Åland
1874-09-01,11.664,0.609,Åland
1874-10-01,9.425,0.443,Åland
1874-11-01,1.927,0.759,Åland
1874-12-01,-4.529,1.079,Åland
1875-01-01,-8.897,0.478,Åland
1875-02-01,-5.675,0.887,Åland
1875-03-01,-3.758,0.863,Åland
1875-04-01,-0.397,0.5,Åland
1875-05-01,7.401,0.706,Åland
1875-06-01,12.527,0.976,Åland
1875-07-01,15.967,0.688,Åland
1875-08-01,15.186,0.56,Åland
1875-09-01,10.861,0.54,Åland
1875-10-01,3.926,0.653,Åland
1875-11-01,-0.624,0.822,Åland
1875-12-01,-4.32,0.732,Åland
1876-01-01,-3.78,1.085,Åland
1876-02-01,-4.983,1.092,Åland
1876-03-01,-2.245,1.365,Åland
1876-04-01,1.549,0.829,Åland
1876-05-01,3.615,0.68,Åland
1876-06-01,14.645,0.918,Åland
1876-07-01,16.096,0.719,Åland
1876-08-01,15.376,0.686,Åland
1876-09-01,11.165,0.471,Åland
1876-10-01,6.204,0.725,Åland
1876-11-01,-0.869,0.895,Åland
1876-12-01,-7.574,1.436,Åland
1877-01-01,-4.616,1.598,Åland
1877-02-01,-6.257,1.435,Åland
1877-03-01,-5.9,0.496,Åland
1877-04-01,-1.796,1.219,Åland
1877-05-01,3.495,0.643,Åland
1877-06-01,11.756,1.801,Åland
1877-07-01,14.899,0.622,Åland
1877-08-01,13.636,0.585,Åland
1877-09-01,8.402,0.321,Åland
1877-10-01,5.637,0.641,Åland
1877-11-01,6.394,0.731,Åland
1877-12-01,1.77,2.272,Åland
1878-01-01,-1.949,1.4,Åland
1878-02-01,-0.099,0.969,Åland
1878-03-01,-1.419,0.867,Åland
1878-04-01,3.183,0.743,Åland
1878-05-01,6.407,0.574,Åland
1878-06-01,11.802,0.948,Åland
1878-07-01,13.651,0.519,Åland
1878-08-01,15.159,0.652,Åland
1878-09-01,12.71,0.632,Åland
1878-10-01,8.944,0.48,Åland
1878-11-01,2.798,1.033,Åland
1878-12-01,-2.111,1.461,Åland
1879-01-01,-4.294,0.746,Åland
1879-02-01,-5.88,0.907,Åland
1879-03-01,-3.441,0.375,Åland
1879-04-01,-0.167,1.085,Åland
1879-05-01,6.545,0.967,Åland
1879-06-01,11.867,0.809,Åland
1879-07-01,14.79,0.81,Åland
1879-08-01,16.331,0.729,Åland
1879-09-01,12.681,0.796,Åland
1879-10-01,6.326,0.601,Åland
1879-11-01,0.016,0.64,Åland
1879-12-01,-2.209,0.726,Åland
1880-01-01,-1.928,1.186,Åland
1880-02-01,-0.92,0.927,Åland
1880-03-01,-0.838,0.671,Åland
1880-04-01,2.111,0.514,Åland
1880-05-01,6.393,0.727,Åland
1880-06-01,11.598,0.592,Åland
1880-07-01,15.424,0.637,Åland
1880-08-01,17.272,0.523,Åland
1880-09-01,13.378,0.818,Åland
1880-10-01,1.701,1.323,Åland
1880-11-01,0.685,1.594,Åland
1880-12-01,-3.353,0.759,Åland
1881-01-01,-6.734,0.804,Åland
1881-02-01,-8.665,1.22,Åland
1881-03-01,-7.186,0.631,Åland
1881-04-01,-1.383,0.721,Åland
1881-05-01,5.265,0.328,Åland
1881-06-01,10.699,1.285,Åland
1881-07-01,13.98,0.727,Åland
1881-08-01,13.285,0.656,Åland
1881-09-01,11.033,0.435,Åland
1881-10-01,4.648,0.615,Åland
1881-11-01,3.63,0.792,Åland
1881-12-01,1.739,1.103,Åland
1882-01-01,1.968,1.444,Åland
1882-02-01,-0.807,0.802,Åland
1882-03-01,0.586,0.955,Åland
1882-04-01,1.912,0.497,Åland
1882-05-01,7.433,0.716,Åland
1882-06-01,12.137,0.465,Åland
1882-07-01,15.622,0.419,Åland
1882-08-01,16.907,0.784,Åland
1882-09-01,12.97,0.468,Åland
1882-10-01,7.014,0.706,Åland
1882-11-01,0.059,0.926,Åland
1882-12-01,-3.417,0.849,Åland
1883-01-01,-3.275,0.584,Åland
1883-02-01,-2.247,1.35,Åland
1883-03-01,-4.492,1.021,Åland
1883-04-01,1.28,0.37,Åland
1883-05-01,6.564,0.548,Åland
1883-06-01,12.988,1.017,Åland
1883-07-01,15.364,0.475,Åland
1883-08-01,14.497,0.465,Åland
1883-09-01,11.69,0.455,Åland
1883-10-01,6.709,0.351,Åland
1883-11-01,5.326,0.477,Åland
1883-12-01,0.158,0.728,Åland
1884-01-01,-0.848,0.572,Åland
1884-02-01,-1.649,0.683,Åland
1884-03-01,-0.517,1.128,Åland
1884-04-01,0.884,1.018,Åland
1884-05-01,5.487,0.653,Åland
1884-06-01,10.674,0.881,Åland
1884-07-01,15.614,0.431,Åland
1884-08-01,14.181,0.573,Åland
1884-09-01,13.53,0.355,Åland
1884-10-01,7.685,0.669,Åland
1884-11-01,0.539,0.701,Åland
1884-12-01,-1.635,0.953,Åland
1885-01-01,-3.558,0.569,Åland
1885-02-01,-1.349,0.699,Åland
1885-03-01,-1.394,0.402,Åland
1885-04-01,1.857,0.898,Åland
1885-05-01,4.763,1.013,Åland
1885-06-01,10.788,0.627,Åland
1885-07-01,15.562,0.997,Åland
1885-08-01,12.94,0.904,Åland
1885-09-01,9.771,0.398,Åland
1885-10-01,5.068,0.708,Åland
1885-11-01,1.698,0.579,Åland
1885-12-01,-0.19,0.866,Åland
1886-01-01,-3.427,0.815,Åland
1886-02-01,-4.253,1.286,Åland
1886-03-01,-3.371,0.388,Åland
1886-04-01,2.851,0.442,Åland
1886-05-01,6.76,0.565,Åland
1886-06-01,12.576,0.815,Åland
1886-07-01,15.443,0.503,Åland
1886-08-01,15.94,0.24,Åland
1886-09-01,11.506,0.398,Åland
1886-10-01,6.383,0.718,Åland
1886-11-01,5.48,0.717,Åland
1886-12-01,-0.81,0.682,Åland
1887-01-01,0.064,1.23,Åland
1887-02-01,0.263,1.367,Åland
1887-03-01,-0.44,0.56,Åland
1887-04-01,2.291,0.598,Åland
1887-05-01,7.065,0.601,Åland
1887-06-01,11.367,0.592,Åland
1887-07-01,15.442,0.802,Åland
1887-08-01,14.458,0.566,Åland
1887-09-01,12.069,0.555,Åland
1887-10-01,4.622,0.535,Åland
1887-11-01,1.584,0.684,Åland
1887-12-01,-2.15,0.727,Åland
1888-01-01,-3.021,0.955,Åland
1888-02-01,-8.005,1.444,Åland
1888-03-01,-9.088,0.786,Åland
1888-04-01,-1.527,0.712,Åland
1888-05-01,5.125,0.459,Åland
1888-06-01,10.51,0.88,Åland
1888-07-01,13.972,0.549,Åland
1888-08-01,13.932,0.434,Åland
1888-09-01,11.158,0.426,Åland
1888-10-01,4.611,0.675,Åland
1888-11-01,0.579,0.786,Åland
1888-12-01,1.115,1.399,Åland
1889-01-01,-0.926,0.907,Åland
1889-02-01,-6.809,0.223,Åland
1889-03-01,-5.086,0.825,Åland
1889-04-01,0.686,0.559,Åland
1889-05-01,9.117,0.941,Åland
1889-06-01,14.66,0.804,Åland
1889-07-01,14.393,0.393,Åland
1889-08-01,14.44,0.575,Åland
1889-09-01,10.049,0.698,Åland
1889-10-01,8.101,0.403,Åland
1889-11-01,4.221,0.766,Åland
1889-12-01,0.214,1.14,Åland
1890-01-01,1.093,0.873,Åland
1890-02-01,-1.369,1.056,Åland
1890-03-01,0.299,1.056,Åland
1890-04-01,2.766,0.792,Åland
1890-05-01,8.87,0.86,Åland
1890-06-01,11.569,0.539,Åland
1890-07-01,13.656,0.576,Åland
1890-08-01,14.738,0.633,Åland
1890-09-01,12.26,0.521,Åland
1890-10-01,5.054,0.46,Åland
1890-11-01,2.578,0.504,Åland
1890-12-01,-1.44,0.91,Åland
1891-01-01,-3.752,0.635,Åland
1891-02-01,0.323,0.808,Åland
1891-03-01,-2.749,0.796,Åland
1891-04-01,1.331,0.278,Åland
1891-05-01,6.878,0.503,Åland
1891-06-01,10.769,0.689,Åland
1891-07-01,16.78,0.378,Åland
1891-08-01,14.214,0.428,Åland
1891-09-01,11.392,0.566,Åland
1891-10-01,8.645,0.413,Åland
1891-11-01,2.002,0.584,Åland
1891-12-01,0.983,0.61,Åland
1892-01-01,-5.519,0.895,Åland
1892-02-01,-5.488,0.351,Åland
1892-03-01,-2.247,0.694,Åland
1892-04-01,1.058,0.55,Åland
1892-05-01,5.643,0.37,Åland
1892-06-01,10.349,0.499,Åland
1892-07-01,13.67,0.577,Åland
1892-08-01,14.429,0.351,Åland
1892-09-01,12.069,0.488,Åland
1892-10-01,6.095,0.361,Åland
1892-11-01,4.041,0.658,Åland
1892-12-01,-3.171,0.719,Åland
1893-01-01,-7.921,1.006,Åland
1893-02-01,-11.046,0.445,Åland
1893-03-01,-1.889,0.776,Åland
1893-04-01,1.793,0.531,Åland
1893-05-01,5.534,0.415,Åland
1893-06-01,11.763,0.574,Åland
1893-07-01,15.346,0.65,Åland
1893-08-01,14.761,0.379,Åland
1893-09-01,9.696,0.386,Åland
1893-10-01,7.414,0.393,Åland
1893-11-01,1.509,0.599,Åland
1893-12-01,1.243,0.783,Åland
1894-01-01,-0.114,0.655,Åland
1894-02-01,-0.712,0.712,Åland
1894-03-01,1.501,1.108,Åland
1894-04-01,4.499,0.515,Åland
1894-05-01,7.454,0.532,Åland
1894-06-01,11.973,0.527,Åland
1894-07-01,16.089,0.339,Åland
1894-08-01,15.107,0.416,Åland
1894-09-01,9.226,0.489,Åland
1894-10-01,4.472,0.427,Åland
1894-11-01,4.683,0.609,Åland
1894-12-01,1.382,0.6,Åland
1895-01-01,-4.988,0.939,Åland
1895-02-01,-8.86,0.771,Åland
1895-03-01,-3.766,0.4,Åland
1895-04-01,2.004,0.572,Åland
1895-05-01,9.52,1.161,Åland
1895-06-01,13.492,0.449,Åland
1895-07-01,14.395,0.531,Åland
1895-08-01,14.988,0.454,Åland
1895-09-01,11.405,0.483,Åland
1895-10-01,6.291,0.229,Åland
1895-11-01,3.296,0.487,Åland
1895-12-01,-0.579,0.884,Åland
1896-01-01,-0.841,0.801,Åland
1896-02-01,-0.718,0.515,Åland
1896-03-01,-0.704,0.369,Åland
1896-04-01,1.632,0.581,Åland
1896-05-01,6.457,0.316,Åland
1896-06-01,14.843,0.28,Åland
1896-07-01,17.79,0.354,Åland
1896-08-01,14.467,0.512,Åland
1896-09-01,11.552,0.304,Åland
1896-10-01,7.792,0.474,Åland
1896-11-01,1.308,0.666,Åland
1896-12-01,-0.842,0.605,Åland
1897-01-01,-4.709,0.832,Åland
1897-02-01,-4.304,0.519,Åland
1897-03-01,-2.75,0.599,Åland
1897-04-01,2.551,0.814,Åland
1897-05-01,8.88,1.195,Åland
1897-06-01,12.863,0.579,Åland
1897-07-01,16.463,0.335,Åland
1897-08-01,16.92,0.442,Åland
1897-09-01,11.58,0.697,Åland
1897-10-01,6.657,0.689,Åland
1897-11-01,2.725,0.898,Åland
1897-12-01,0.815,0.559,Åland
1898-01-01,1.676,1.098,Åland
1898-02-01,-2.908,0.639,Åland
1898-03-01,-2.52,0.879,Åland
1898-04-01,0.524,0.761,Åland
1898-05-01,6.729,0.541,Åland
1898-06-01,12.241,0.566,Åland
1898-07-01,14.061,0.546,Åland
1898-08-01,14.743,0.453,Åland
1898-09-01,11.139,0.328,Åland
1898-10-01,5.752,0.371,Åland
1898-11-01,4.199,0.658,Åland
1898-12-01,0.438,0.712,Åland
1899-01-01,-3.332,0.566,Åland
1899-02-01,-3.273,0.721,Åland
1899-03-01,-4.759,0.351,Åland
1899-04-01,1.251,0.422,Åland
1899-05-01,4.8,0.586,Åland
1899-06-01,9.247,0.54,Åland
1899-07-01,17.762,0.744,Åland
1899-08-01,13.233,0.431,Åland
1899-09-01,11.16,0.363,Åland
1899-10-01,6.636,0.299,Åland
1899-11-01,4.656,0.428,Åland
1899-12-01,-2.634,0.444,Åland
01-01-1900,-3.026,0.538,Åland
01-02-1900,-8.063,0.657,Åland
01-03-1900,-3.196,0.467,Åland
01-04-1900,0.781,0.224,Åland
01-05-1900,4.96,0.503,Åland
01-06-1900,12.296,1.129,Åland
01-07-1900,14.712,0.879,Åland
01-08-1900,15.632,0.765,Åland
01-09-1900,10.647,0.484,Åland
01-10-1900,7.141,0.558,Åland
01-11-1900,3.274,0.482,Åland
01-12-1900,-0.584,0.535,Åland
01-01-1901,-2,0.832,Åland
01-02-1901,-6.386,0.392,Åland
01-03-1901,-2.775,0.373,Åland
01-04-1901,2.253,0.56,Åland
01-05-1901,7.847,0.688,Åland
01-06-1901,13.163,0.418,Åland
01-07-1901,19.337,0.824,Åland
01-08-1901,17.357,0.322,Åland
01-09-1901,12.778,0.394,Åland
01-10-1901,10.082,0.482,Åland
01-11-1901,0.394,0.512,Åland
01-12-1901,-3.301,0.579,Åland
01-01-1902,-1.77,0.924,Åland
01-02-1902,-4.47,0.302,Åland
01-03-1902,-3.378,0.236,Åland
01-04-1902,-0.831,0.738,Åland
01-05-1902,4.296,0.473,Åland
01-06-1902,9.655,0.734,Åland
01-07-1902,12.087,0.637,Åland
01-08-1902,12.861,0.485,Åland
01-09-1902,9.676,0.466,Åland
01-10-1902,4.615,0.545,Åland
01-11-1902,1.911,0.502,Åland
01-12-1902,-3.383,1.069,Åland
01-01-1903,-2.916,0.947,Åland
01-02-1903,0.582,0.941,Åland
01-03-1903,2.395,0.528,Åland
01-04-1903,1.632,0.648,Åland
01-05-1903,7.163,0.389,Åland
01-06-1903,11.768,0.595,Åland
01-07-1903,14.658,0.453,Åland
01-08-1903,13.853,0.409,Åland
01-09-1903,11.911,0.659,Åland
01-10-1903,4.522,0.504,Åland
01-11-1903,2.299,0.837,Åland
01-12-1903,0.958,0.653,Åland
01-01-1904,0.589,1.112,Åland
01-02-1904,-5.321,0.421,Åland
01-03-1904,-2.983,0.515,Åland
01-04-1904,1.895,0.304,Åland
01-05-1904,5.109,0.564,Åland
01-06-1904,10.37,0.508,Åland
01-07-1904,13.759,0.856,Åland
01-08-1904,14.076,0.573,Åland
01-09-1904,11.214,0.355,Åland
01-10-1904,7.136,0.481,Åland
01-11-1904,0.642,0.822,Åland
01-12-1904,-1.488,0.435,Åland
01-01-1905,-3.178,0.97,Åland
01-02-1905,-1.596,0.652,Åland
01-03-1905,-0.332,0.446,Åland
01-04-1905,0.322,0.589,Åland
01-05-1905,7.454,0.533,Åland
01-06-1905,14.175,0.398,Åland
01-07-1905,15.419,0.316,Åland
01-08-1905,14.158,0.422,Åland
01-09-1905,10.895,0.429,Åland
01-10-1905,4.359,0.545,Åland
01-11-1905,2.793,0.288,Åland
01-12-1905,1.297,0.408,Åland
01-01-1906,-0.039,0.861,Åland
01-02-1906,-0.897,0.709,Åland
01-03-1906,-2.546,0.396,Åland
01-04-1906,3.051,0.295,Åland
01-05-1906,8.633,1.14,Åland
01-06-1906,12.249,0.48,Åland
01-07-1906,15.941,0.507,Åland
01-08-1906,14.189,0.378,Åland
01-09-1906,10.463,0.419,Åland
01-10-1906,6.812,0.652,Åland
01-11-1906,4.515,0.334,Åland
01-12-1906,-1.084,0.51,Åland
01-01-1907,-3.755,0.708,Åland
01-02-1907,-2.556,0.69,Åland
01-03-1907,-0.366,0.337,Åland
01-04-1907,1.156,0.661,Åland
01-05-1907,4.953,0.376,Åland
01-06-1907,10.784,0.691,Åland
01-07-1907,13.819,0.657,Åland
01-08-1907,12.448,0.276,Åland
01-09-1907,10.468,0.299,Åland
01-10-1907,10.13,0.441,Åland
01-11-1907,4.044,0.644,Åland
01-12-1907,-3.896,1.341,Åland
01-01-1908,-1.713,0.445,Åland
01-02-1908,-1.582,0.592,Åland
01-03-1908,-2.9,0.685,Åland
01-04-1908,1.378,0.547,Åland
01-05-1908,5.847,0.426,Åland
01-06-1908,11.073,0.377,Åland
01-07-1908,14.638,0.519,Åland
01-08-1908,15.476,0.386,Åland
01-09-1908,10.718,0.554,Åland
01-10-1908,7.761,0.527,Åland
01-11-1908,0.341,0.657,Åland
01-12-1908,0.296,0.872,Åland
01-01-1909,0.229,0.954,Åland
01-02-1909,-5.272,0.397,Åland
01-03-1909,-2.755,0.469,Åland
01-04-1909,-0.316,0.642,Åland
01-05-1909,3.432,0.789,Åland
01-06-1909,11.351,0.302,Åland
01-07-1909,14.269,0.319,Åland
01-08-1909,14.523,0.437,Åland
01-09-1909,11.332,0.464,Åland
01-10-1909,10.059,0.507,Åland
01-11-1909,-0.35,1.117,Åland
01-12-1909,-0.244,0.566,Åland
01-01-1910,-1.238,0.832,Åland
01-02-1910,0.638,0.726,Åland
01-03-1910,1.124,0.427,Åland
01-04-1910,3.269,0.629,Åland
01-05-1910,7.996,0.368,Åland
01-06-1910,12.615,0.449,Åland
01-07-1910,14.282,0.538,Åland
01-08-1910,14.006,0.408,Åland
01-09-1910,12.093,0.395,Åland
01-10-1910,6.908,0.693,Åland
01-11-1910,1.981,0.706,Åland
01-12-1910,1.286,0.42,Åland
01-01-1911,-0.571,0.582,Åland
01-02-1911,-2.631,0.596,Åland
01-03-1911,-0.721,0.642,Åland
01-04-1911,2.016,0.515,Åland
01-05-1911,8.208,0.551,Åland
01-06-1911,10.96,0.391,Åland
01-07-1911,14.445,0.223,Åland
01-08-1911,16.825,0.26,Åland
01-09-1911,11.96,0.36,Åland
01-10-1911,5.871,0.74,Åland
01-11-1911,4.12,0.319,Åland
01-12-1911,2.086,0.722,Åland
01-01-1912,-5.222,0.849,Åland
01-02-1912,-5.145,0.478,Åland
01-03-1912,0.678,0.83,Åland
01-04-1912,1.216,0.336,Åland
01-05-1912,5.42,0.229,Åland
01-06-1912,11.937,0.507,Åland
01-07-1912,17.121,0.31,Åland
01-08-1912,16.052,0.522,Åland
01-09-1912,9.483,0.741,Åland
01-10-1912,4.595,0.497,Åland
01-11-1912,2.298,0.33,Åland
01-12-1912,2.416,0.649,Åland
01-01-1913,-2.742,0.606,Åland
01-02-1913,-0.599,0.359,Åland
01-03-1913,0.925,0.276,Åland
01-04-1913,3.138,0.458,Åland
01-05-1913,7.319,0.486,Åland
01-06-1913,11.705,0.674,Åland
01-07-1913,15.66,0.567,Åland
01-08-1913,15.318,0.623,Åland
01-09-1913,11.799,0.739,Åland
01-10-1913,7.009,0.56,Åland
01-11-1913,5.425,0.354,Åland
01-12-1913,-1.454,0.547,Åland
01-01-1914,-2.755,0.404,Åland
01-02-1914,1.093,0.931,Åland
01-03-1914,-1.07,0.234,Åland
01-04-1914,4.034,0.725,Åland
01-05-1914,6.94,0.393,Åland
01-06-1914,12.735,0.544,Åland
01-07-1914,19.858,0.378,Åland
01-08-1914,14.93,0.432,Åland
01-09-1914,11.622,0.41,Åland
01-10-1914,5.536,0.626,Åland
01-11-1914,2.416,0.235,Åland
01-12-1914,3.335,0.654,Åland
01-01-1915,-4.162,0.579,Åland
01-02-1915,-2.409,0.341,Åland
01-03-1915,-4.874,0.986,Åland
01-04-1915,1.758,0.637,Åland
01-05-1915,5.405,0.794,Åland
01-06-1915,10.112,0.398,Åland
01-07-1915,15.163,0.405,Åland
01-08-1915,14.635,0.508,Åland
01-09-1915,9.884,0.444,Åland
01-10-1915,4.228,0.553,Åland
01-11-1915,0.803,0.503,Åland
01-12-1915,-7.641,1.081,Åland
01-01-1916,-1.493,0.858,Åland
01-02-1916,-2.124,0.899,Åland
01-03-1916,-3.391,0.534,Åland
01-04-1916,2.626,0.75,Åland
01-05-1916,5.608,0.362,Åland
01-06-1916,10.086,0.348,Åland
01-07-1916,15.938,0.685,Åland
01-08-1916,12.869,0.448,Åland
01-09-1916,9.883,0.662,Åland
01-10-1916,4.923,0.587,Åland
01-11-1916,5.123,0.53,Åland
01-12-1916,0.118,0.472,Åland
01-01-1917,-6.704,1.639,Åland
01-02-1917,-5.987,0.651,Åland
01-03-1917,-7.022,0.426,Åland
01-04-1917,-0.32,0.403,Åland
01-05-1917,5.956,0.723,Åland
01-06-1917,14.474,1.221,Åland
01-07-1917,14.753,0.627,Åland
01-08-1917,17.443,0.387,Åland
01-09-1917,11.9,0.384,Åland
01-10-1917,7.837,0.311,Åland
01-11-1917,3.64,0.609,Åland
01-12-1917,-0.913,0.624,Åland
01-01-1918,-5.434,0.558,Åland
01-02-1918,-2.636,0.449,Åland
01-03-1918,-1.05,0.612,Åland
01-04-1918,2.615,0.418,Åland
01-05-1918,7.163,0.343,Åland
01-06-1918,10.198,0.239,Åland
01-07-1918,16.013,0.272,Åland
01-08-1918,14.413,0.512,Åland
01-09-1918,10.634,0.26,Åland
01-10-1918,8.329,0.441,Åland
01-11-1918,4.886,0.471,Åland
01-12-1918,-0.248,0.4,Åland
01-01-1919,-0.622,0.453,Åland
01-02-1919,-4.642,0.765,Åland
01-03-1919,-2.89,0.858,Åland
01-04-1919,1.272,0.843,Åland
01-05-1919,7.996,0.485,Åland
01-06-1919,11.593,0.808,Åland
01-07-1919,16.936,0.651,Åland
01-08-1919,13.607,0.609,Åland
01-09-1919,12.237,0.341,Åland
01-10-1919,5.606,0.265,Åland
01-11-1919,-1.288,0.914,Åland
01-12-1919,-2.739,0.753,Åland
01-01-1920,-2.744,0.737,Åland
01-02-1920,0.282,0.879,Åland
01-03-1920,2.41,0.601,Åland
01-04-1920,3.388,0.762,Åland
01-05-1920,8.216,0.405,Åland
01-06-1920,11.609,0.844,Åland
01-07-1920,16.015,0.423,Åland
01-08-1920,14.284,0.403,Åland
01-09-1920,12.172,0.286,Åland
01-10-1920,6.158,0.886,Åland
01-11-1920,4.502,0.635,Åland
01-12-1920,0.166,0.732,Åland
01-01-1921,-1.405,0.479,Åland
01-02-1921,-2.584,0.7,Åland
01-03-1921,2.525,0.644,Åland
01-04-1921,5.182,0.695,Åland
01-05-1921,9.845,0.522,Åland
01-06-1921,11.701,0.712,Åland
01-07-1921,13.539,0.33,Åland
01-08-1921,14.864,0.278,Åland
01-09-1921,10.939,0.285,Åland
01-10-1921,6.912,0.316,Åland
01-11-1921,-0.136,0.534,Åland
01-12-1921,-0.142,0.461,Åland
01-01-1922,-5.05,0.396,Åland
01-02-1922,-4.172,0.528,Åland
01-03-1922,-2.21,0.254,Åland
01-04-1922,0.546,0.425,Åland
01-05-1922,7.152,0.356,Åland
01-06-1922,11.747,0.389,Åland
01-07-1922,14.546,0.448,Åland
01-08-1922,14.14,0.556,Åland
01-09-1922,11.063,0.53,Åland
01-10-1922,4.806,0.741,Åland
01-11-1922,1.809,0.394,Åland
01-12-1922,-0.047,0.278,Åland
01-01-1923,0.539,0.684,Åland
01-02-1923,-6.556,0.673,Åland
01-03-1923,-1.333,0.573,Åland
01-04-1923,0.527,0.6,Åland
01-05-1923,5.468,0.417,Åland
01-06-1923,8.235,0.761,Åland
01-07-1923,15.649,0.288,Åland
01-08-1923,13.647,0.536,Åland
01-09-1923,11.035,0.379,Åland
01-10-1923,7.494,0.255,Åland
01-11-1923,2.299,0.523,Åland
01-12-1923,-2.171,0.511,Åland
01-01-1924,-3.191,0.299,Åland
01-02-1924,-6.394,0.29,Åland
01-03-1924,-4.082,0.242,Åland
01-04-1924,-0.189,0.308,Åland
01-05-1924,6.405,0.533,Åland
01-06-1924,10.719,0.327,Åland
01-07-1924,15.733,0.251,Åland
01-08-1924,16.456,0.378,Åland
01-09-1924,12.942,0.664,Åland
01-10-1924,8.696,0.601,Åland
01-11-1924,4.082,0.442,Åland
01-12-1924,3.776,0.932,Åland
01-01-1925,2.268,0.822,Åland
01-02-1925,0.994,0.619,Åland
01-03-1925,-2.951,0.989,Åland
01-04-1925,3.714,0.378,Åland
01-05-1925,7.884,0.373,Åland
01-06-1925,12.108,0.563,Åland
01-07-1925,18.591,0.486,Åland
01-08-1925,15.582,0.533,Åland
01-09-1925,11.312,0.815,Åland
01-10-1925,4.655,0.613,Åland
01-11-1925,-0.806,0.67,Åland
01-12-1925,-3.671,0.745,Åland
01-01-1926,-4.527,0.639,Åland
01-02-1926,-5.223,0.973,Åland
01-03-1926,-0.881,0.467,Åland
01-04-1926,1.719,0.429,Åland
01-05-1926,5.952,0.582,Åland
01-06-1926,11.816,0.417,Åland
01-07-1926,16.978,0.489,Åland
01-08-1926,15.601,0.472,Åland
01-09-1926,11.174,0.216,Åland
01-10-1926,3.934,0.542,Åland
01-11-1926,4.337,0.504,Åland
01-12-1926,-1.961,0.599,Åland
01-01-1927,-1.579,0.504,Åland
01-02-1927,-1.801,0.499,Åland
01-03-1927,0.848,0.671,Åland
01-04-1927,1.343,0.703,Åland
01-05-1927,4.237,0.734,Åland
01-06-1927,10.502,0.481,Åland
01-07-1927,18.263,0.4,Åland
01-08-1927,17.178,0.535,Åland
01-09-1927,11.601,0.672,Åland
01-10-1927,5.657,0.293,Åland
01-11-1927,0.174,0.342,Åland
01-12-1927,-4.176,0.74,Åland
01-01-1928,-2.294,0.583,Åland
01-02-1928,-2.717,0.477,Åland
01-03-1928,-2.162,0.687,Åland
01-04-1928,2.017,0.281,Åland
01-05-1928,6.084,0.517,Åland
01-06-1928,8.776,0.495,Åland
01-07-1928,12.951,0.44,Åland
01-08-1928,13.56,0.223,Åland
01-09-1928,10.946,0.409,Åland
01-10-1928,6.699,0.344,Åland
01-11-1928,4.141,0.248,Åland
01-12-1928,0.447,0.483,Åland
01-01-1929,-3.598,0.507,Åland
01-02-1929,-9.446,0.769,Åland
01-03-1929,-0.381,0.74,Åland
01-04-1929,-0.866,0.862,Åland
01-05-1929,7.01,0.753,Åland
01-06-1929,10.477,0.441,Åland
01-07-1929,14.052,0.261,Åland
01-08-1929,14.081,0.328,Åland
01-09-1929,11.638,0.356,Åland
01-10-1929,7.751,0.28,Åland
01-11-1929,5.479,0.617,Åland
01-12-1929,4.58,0.712,Åland
01-01-1930,3.218,0.691,Åland
01-02-1930,-1.521,0.295,Åland
01-03-1930,0.605,0.326,Åland
01-04-1930,3.843,0.39,Åland
01-05-1930,8.931,0.279,Åland
01-06-1930,13.467,0.609,Åland
01-07-1930,17.038,0.585,Åland
01-08-1930,16.158,0.535,Åland
01-09-1930,9.972,0.653,Åland
01-10-1930,7.687,0.281,Åland
01-11-1930,3.501,0.262,Åland
01-12-1930,1.314,0.605,Åland
01-01-1931,-3.368,0.526,Åland
01-02-1931,-4.048,0.416,Åland
01-03-1931,-4.682,0.557,Åland
01-04-1931,0.645,0.262,Åland
01-05-1931,7.839,0.707,Åland
01-06-1931,9.802,0.505,Åland
01-07-1931,15.285,0.823,Åland
01-08-1931,14.864,0.33,Åland
01-09-1931,8.7,0.514,Åland
01-10-1931,5.896,0.337,Åland
01-11-1931,4.573,0.693,Åland
01-12-1931,-0.284,0.467,Åland
01-01-1932,1.961,0.983,Åland
01-02-1932,-2.631,0.661,Åland
01-03-1932,-3.067,0.439,Åland
01-04-1932,1.741,0.243,Åland
01-05-1932,6.986,0.549,Åland
01-06-1932,10.102,0.297,Åland
01-07-1932,17.451,0.211,Åland
01-08-1932,15.836,0.39,Åland
01-09-1932,11.682,0.271,Åland
01-10-1932,5.473,0.411,Åland
01-11-1932,3.664,0.279,Åland
01-12-1932,3.952,0.849,Åland
01-01-1933,-1.038,0.245,Åland
01-02-1933,-3.544,0.408,Åland
01-03-1933,-0.266,0.46,Åland
01-04-1933,1.761,0.449,Åland
01-05-1933,6.146,0.358,Åland
01-06-1933,13.389,0.294,Åland
01-07-1933,16.877,0.397,Åland
01-08-1933,15.15,0.316,Åland
01-09-1933,12.008,0.292,Åland
01-10-1933,7.575,0.451,Åland
01-11-1933,1.768,0.58,Åland
01-12-1933,-1.587,0.796,Åland
01-01-1934,1.507,0.557,Åland
01-02-1934,0.37,0.529,Åland
01-03-1934,-0.212,0.315,Åland
01-04-1934,3.029,0.452,Åland
01-05-1934,9.249,0.31,Åland
01-06-1934,12.454,0.455,Åland
01-07-1934,15.672,0.259,Åland
01-08-1934,16.676,0.379,Åland
01-09-1934,14.972,0.365,Åland
01-10-1934,8.972,0.304,Åland
01-11-1934,4.672,0.297,Åland
01-12-1934,3.051,0.617,Åland
01-01-1935,-1.564,0.384,Åland
01-02-1935,-1.208,0.347,Åland
01-03-1935,-0.958,0.448,Åland
01-04-1935,2.619,0.489,Åland
01-05-1935,5.414,0.727,Åland
01-06-1935,13.057,0.447,Åland
01-07-1935,15.722,0.323,Åland
01-08-1935,14.79,0.355,Åland
01-09-1935,11.177,0.34,Åland
01-10-1935,7.618,0.192,Åland
01-11-1935,5.343,0.445,Åland
01-12-1935,1.608,0.401,Åland
01-01-1936,-0.968,0.575,Åland
01-02-1936,-5.697,0.636,Åland
01-03-1936,-0.452,0.642,Åland
01-04-1936,1.608,0.221,Åland
01-05-1936,7.76,0.482,Åland
01-06-1936,15.551,0.43,Åland
01-07-1936,17.393,0.309,Åland
01-08-1936,15.73,0.481,Åland
01-09-1936,10.846,0.318,Åland
01-10-1936,4.864,0.478,Åland
01-11-1936,4.531,0.304,Åland
01-12-1936,4.162,0.666,Åland
01-01-1937,-1.269,0.35,Åland
01-02-1937,-3.859,0.637,Åland
01-03-1937,-2.353,0.46,Åland
01-04-1937,3.812,0.939,Åland
01-05-1937,9.695,0.834,Åland
01-06-1937,13.579,0.273,Åland
01-07-1937,17.466,0.426,Åland
01-08-1937,18.132,0.282,Åland
01-09-1937,12.644,0.229,Åland
01-10-1937,8.801,0.215,Åland
01-11-1937,4.077,0.25,Åland
01-12-1937,-2.975,0.868,Åland
01-01-1938,-0.802,0.518,Åland
01-02-1938,0.93,0.482,Åland
01-03-1938,2.577,0.764,Åland
01-04-1938,2.565,0.595,Åland
01-05-1938,6.954,0.587,Åland
01-06-1938,11.828,0.603,Åland
01-07-1938,16.653,0.376,Åland
01-08-1938,17.495,0.459,Åland
01-09-1938,13.694,0.283,Åland
01-10-1938,8.704,0.403,Åland
01-11-1938,6.455,0.444,Åland
01-12-1938,0.472,0.375,Åland
01-01-1939,-1.376,0.553,Åland
01-02-1939,2.071,0.717,Åland
01-03-1939,-0.612,0.331,Åland
01-04-1939,2.346,0.743,Åland
01-05-1939,6.989,0.462,Åland
01-06-1939,12.604,0.281,Åland
01-07-1939,16.492,0.212,Åland
01-08-1939,18.827,0.339,Åland
01-09-1939,11.6,0.945,Åland
01-10-1939,4.212,0.701,Åland
01-11-1939,4.321,0.433,Åland
01-12-1939,-2.302,0.617,Åland
01-01-1940,-7.416,0.983,Åland
01-02-1940,-11.055,0.488,Åland
01-03-1940,-6.619,0.555,Åland
01-04-1940,0.386,0.488,Åland
01-05-1940,8.086,0.885,Åland
01-06-1940,13.285,0.351,Åland
01-07-1940,16.755,0.373,Åland
01-08-1940,14.506,0.293,Åland
01-09-1940,10.491,0.287,Åland
01-10-1940,6.545,0.424,Åland
01-11-1940,3.541,0.344,Åland
01-12-1940,-1.748,0.521,Åland
01-01-1941,-9.854,1.48,Åland
01-02-1941,-6.804,0.757,Åland
01-03-1941,-3.766,0.68,Åland
01-04-1941,-0.793,0.467,Åland
01-05-1941,5.694,0.282,Åland
01-06-1941,11.577,0.391,Åland
01-07-1941,18.682,0.603,Åland
01-08-1941,15.003,0.445,Åland
01-09-1941,10.722,0.257,Åland
01-10-1941,4.568,0.593,Åland
01-11-1941,0.947,0.541,Åland
01-12-1941,-3.755,1.205,Åland
01-01-1942,-11.303,0.909,Åland
01-02-1942,-10.822,0.74,Åland
01-03-1942,-8.257,1.034,Åland
01-04-1942,1.476,0.924,Åland
01-05-1942,5.456,0.416,Åland
01-06-1942,10.391,0.336,Åland
01-07-1942,14.662,0.413,Åland
01-08-1942,15.821,0.273,Åland
01-09-1942,11.773,0.254,Åland
01-10-1942,7.753,0.486,Åland
01-11-1942,2.752,0.358,Åland
01-12-1942,0.542,0.267,Åland
01-01-1943,-3.496,0.543,Åland
01-02-1943,1.622,0.803,Åland
01-03-1943,1.73,0.362,Åland
01-04-1943,4.111,0.582,Åland
01-05-1943,8.19,0.37,Åland
01-06-1943,13.33,0.267,Åland
01-07-1943,15.274,0.324,Åland
01-08-1943,14.768,0.32,Åland
01-09-1943,12.027,0.326,Åland
01-10-1943,9.156,0.353,Åland
01-11-1943,3.972,0.487,Åland
01-12-1943,2.266,0.646,Åland
01-01-1944,-0.679,0.679,Åland
01-02-1944,-1.326,0.275,Åland
01-03-1944,-1.358,0.266,Åland
01-04-1944,0.697,0.872,Åland
01-05-1944,5.83,0.382,Åland
01-06-1944,10.624,0.557,Åland
01-07-1944,17.301,0.373,Åland
01-08-1944,17.363,0.556,Åland
01-09-1944,11.726,0.207,Åland
01-10-1944,8.131,0.297,Åland
01-11-1944,3.843,0.28,Åland
01-12-1944,2.897,0.3,Åland
01-01-1945,-2.342,0.556,Åland
01-02-1945,-1.137,0.48,Åland
01-03-1945,-0.14,0.648,Åland
01-04-1945,3.182,0.175,Åland
01-05-1945,6.753,0.294,Åland
01-06-1945,11.568,0.495,Åland
01-07-1945,17.552,0.343,Åland
01-08-1945,17.034,0.395,Åland
01-09-1945,10.519,0.521,Åland
01-10-1945,6.005,0.659,Åland
01-11-1945,2.655,0.32,Åland
01-12-1945,-1.82,0.78,Åland
01-01-1946,-1.744,0.36,Åland
01-02-1946,-5.062,0.273,Åland
01-03-1946,-2.501,0.57,Åland
01-04-1946,3.389,0.662,Åland
01-05-1946,7.095,0.171,Åland
01-06-1946,11.712,0.242,Åland
01-07-1946,16.915,0.276,Åland
01-08-1946,15.397,0.252,Åland
01-09-1946,12.793,0.29,Åland
01-10-1946,5.498,0.681,Åland
01-11-1946,3.414,0.26,Åland
01-12-1946,1.243,0.387,Åland
01-01-1947,-3.177,0.357,Åland
01-02-1947,-10.829,0.339,Åland
01-03-1947,-5.992,0.718,Åland
01-04-1947,2.127,0.56,Åland
01-05-1947,8.689,0.826,Åland
01-06-1947,14.101,0.256,Åland
01-07-1947,16.916,0.204,Åland
01-08-1947,16.753,0.35,Åland
01-09-1947,13.918,0.21,Åland
01-10-1947,6.565,0.27,Åland
01-11-1947,1.54,0.287,Åland
01-12-1947,-0.943,0.434,Åland
01-01-1948,-4.641,0.867,Åland
01-02-1948,-3.767,0.744,Åland
01-03-1948,0.743,0.693,Åland
01-04-1948,3.959,0.599,Åland
01-05-1948,8.036,0.501,Åland
01-06-1948,12.181,0.302,Åland
01-07-1948,16.355,0.466,Åland
01-08-1948,14.849,0.282,Åland
01-09-1948,11.981,0.149,Åland
01-10-1948,6.246,0.155,Åland
01-11-1948,3.094,0.403,Åland
01-12-1948,3.51,0.801,Åland
01-01-1949,1.045,0.622,Åland
01-02-1949,1.166,0.499,Åland
01-03-1949,-1.079,0.367,Åland
01-04-1949,3.23,0.361,Åland
01-05-1949,9.276,0.415,Åland
01-06-1949,11.146,0.409,Åland
01-07-1949,15.661,0.287,Åland
01-08-1949,14.612,0.275,Åland
01-09-1949,14.838,0.164,Åland
01-10-1949,8.003,0.28,Åland
01-11-1949,4.978,0.372,Åland
01-12-1949,2.097,0.457,Åland
01-01-1950,-5.611,0.816,Åland
01-02-1950,-1.804,0.305,Åland
01-03-1950,0.09,0.439,Åland
01-04-1950,3.63,0.342,Åland
01-05-1950,8.106,0.239,Åland
01-06-1950,12.783,0.235,Åland
01-07-1950,14.604,0.443,Åland
01-08-1950,16.482,0.335,Åland
01-09-1950,12.326,0.23,Åland
01-10-1950,7.808,0.18,Åland
01-11-1950,3.137,0.475,Åland
01-12-1950,-0.056,0.626,Åland
01-01-1951,-3.433,0.527,Åland
01-02-1951,-2.421,0.662,Åland
01-03-1951,-4.199,0.558,Åland
01-04-1951,2.424,0.47,Åland
01-05-1951,5.322,0.616,Åland
01-06-1951,11.42,0.608,Åland
01-07-1951,14.42,0.442,Åland
01-08-1951,16.996,0.705,Åland
01-09-1951,13.274,0.399,Åland
01-10-1951,8.796,0.401,Åland
01-11-1951,4.14,0.423,Åland
01-12-1951,3.108,0.562,Åland
01-01-1952,-0.42,0.469,Åland
01-02-1952,-1.609,0.196,Åland
01-03-1952,-4.604,0.836,Åland
01-04-1952,3.792,0.699,Åland
01-05-1952,6.037,0.347,Åland
01-06-1952,11.251,0.559,Åland
01-07-1952,14.932,0.41,Åland
01-08-1952,14.174,0.317,Åland
01-09-1952,9.384,0.458,Åland
01-10-1952,4.746,0.399,Åland
01-11-1952,0.546,0.656,Åland
01-12-1952,-0.689,0.751,Åland
01-01-1953,-2.132,0.6,Åland
01-02-1953,-4.718,0.401,Åland
01-03-1953,1.574,0.582,Åland
01-04-1953,4.204,0.662,Åland
01-05-1953,7.624,0.581,Åland
01-06-1953,14.661,0.34,Åland
01-07-1953,15.7,0.57,Åland
01-08-1953,15.323,0.261,Åland
01-09-1953,11.459,0.332,Åland
01-10-1953,9.469,0.215,Åland
01-11-1953,4.927,0.553,Åland
01-12-1953,2.872,0.581,Åland
01-01-1954,-3.125,0.538,Åland
01-02-1954,-6.679,0.613,Åland
01-03-1954,-0.029,0.416,Åland
01-04-1954,1.036,0.473,Åland
01-05-1954,8.671,0.652,Åland
01-06-1954,11.81,0.602,Åland
01-07-1954,15.234,0.419,Åland
01-08-1954,15.186,0.243,Åland
01-09-1954,11.861,0.488,Åland
01-10-1954,6.826,0.207,Åland
01-11-1954,2.743,0.257,Åland
01-12-1954,3.087,0.323,Åland
01-01-1955,-2.105,0.403,Åland
01-02-1955,-4.976,0.361,Åland
01-03-1955,-3.712,0.336,Åland
01-04-1955,-0.798,0.61,Åland
01-05-1955,4.463,0.519,Åland
01-06-1955,10.26,0.377,Åland
01-07-1955,17.148,0.377,Åland
01-08-1955,18.026,0.386,Åland
01-09-1955,14.05,0.356,Åland
01-10-1955,7.055,0.386,Åland
01-11-1955,3.03,0.297,Åland
01-12-1955,-3.792,0.827,Åland
01-01-1956,-4.209,0.502,Åland
01-02-1956,-9.035,0.486,Åland
01-03-1956,-2.272,0.389,Åland
01-04-1956,-0.687,0.564,Åland
01-05-1956,7.243,0.773,Åland
01-06-1956,12.097,0.488,Åland
01-07-1956,14.627,0.529,Åland
01-08-1956,13.2,0.59,Åland
01-09-1956,11.064,0.265,Åland
01-10-1956,6.54,0.199,Åland
01-11-1956,-0.799,0.624,Åland
01-12-1956,0.778,0.392,Åland
01-01-1957,0.717,0.569,Åland
01-02-1957,-1.198,0.319,Åland
01-03-1957,-3.49,0.481,Åland
01-04-1957,1.13,0.329,Åland
01-05-1957,6.061,0.211,Åland
01-06-1957,10.484,0.639,Åland
01-07-1957,16.333,0.588,Åland
01-08-1957,14.976,0.608,Åland
01-09-1957,10.269,0.439,Åland
01-10-1957,7.485,0.395,Åland
01-11-1957,3.636,0.385,Åland
01-12-1957,0.732,0.507,Åland
01-01-1958,-3.874,0.362,Åland
01-02-1958,-6.652,0.436,Åland
01-03-1958,-5.797,0.351,Åland
01-04-1958,0.361,0.383,Åland
01-05-1958,6.064,0.59,Åland
01-06-1958,11.018,0.595,Åland
01-07-1958,14.556,0.579,Åland
01-08-1958,14.468,0.573,Åland
01-09-1958,12.494,0.346,Åland
01-10-1958,8.711,0.309,Åland
01-11-1958,5.742,0.334,Åland
01-12-1958,-1.44,0.554,Åland
01-01-1959,-3.28,1.058,Åland
01-02-1959,-0.358,0.88,Åland
01-03-1959,1.622,0.914,Åland
01-04-1959,3.787,0.578,Åland
01-05-1959,7.711,0.363,Åland
01-06-1959,12.857,0.633,Åland
01-07-1959,17.125,0.365,Åland
01-08-1959,17.333,0.358,Åland
01-09-1959,10.978,0.439,Åland
01-10-1959,7.32,0.279,Åland
01-11-1959,4.512,0.216,Åland
01-12-1959,-0.036,0.626,Åland
01-01-1960,-4.38,0.43,Åland
01-02-1960,-5.233,0.382,Åland
01-03-1960,-2.362,0.638,Åland
01-04-1960,1.922,0.45,Åland
01-05-1960,8.495,0.287,Åland
01-06-1960,13.968,0.693,Åland
01-07-1960,15.9,0.585,Åland
01-08-1960,15.233,0.529,Åland
01-09-1960,11.886,0.285,Åland
01-10-1960,5.648,0.691,Åland
01-11-1960,3.318,0.454,Åland
01-12-1960,2.19,0.6,Åland
01-01-1961,-1.463,0.693,Åland
01-02-1961,1.178,0.663,Åland
01-03-1961,2.396,0.42,Åland
01-04-1961,3.051,0.661,Åland
01-05-1961,7.503,0.622,Åland
01-06-1961,14.418,0.571,Åland
01-07-1961,14.774,0.491,Åland
01-08-1961,14.178,0.284,Åland
01-09-1961,12.177,0.214,Åland
01-10-1961,11.143,0.387,Åland
01-11-1961,4.758,0.338,Åland
01-12-1961,-2.116,0.606,Åland
01-01-1962,-0.879,0.452,Åland
01-02-1962,-2.087,0.29,Åland
01-03-1962,-5.906,0.532,Åland
01-04-1962,2.79,0.194,Åland
01-05-1962,6.054,0.166,Åland
01-06-1962,10.916,0.996,Åland
01-07-1962,13.631,0.412,Åland
01-08-1962,13.364,0.365,Åland
01-09-1962,10.569,0.143,Åland
01-10-1962,8.217,0.46,Åland
01-11-1962,3.145,0.456,Åland
01-12-1962,-2.328,0.783,Åland
01-01-1963,-6.288,0.981,Åland
01-02-1963,-8.085,0.587,Åland
01-03-1963,-5.51,0.558,Åland
01-04-1963,1.452,0.743,Åland
01-05-1963,9.56,0.433,Åland
01-06-1963,12.573,0.546,Åland
01-07-1963,15.553,0.537,Åland
01-08-1963,16.193,0.362,Åland
01-09-1963,12.974,0.244,Åland
01-10-1963,7.393,0.599,Åland
01-11-1963,3.185,0.434,Åland
01-12-1963,-0.347,0.38,Åland
01-01-1964,-0.164,0.815,Åland
01-02-1964,-4.444,0.506,Åland
01-03-1964,-2.899,0.378,Åland
01-04-1964,2.635,0.615,Åland
01-05-1964,8.112,0.426,Åland
01-06-1964,12.018,0.439,Åland
01-07-1964,14.921,0.423,Åland
01-08-1964,14.234,0.424,Åland
01-09-1964,11.132,0.334,Åland
01-10-1964,8.026,0.511,Åland
01-11-1964,3.118,0.22,Åland
01-12-1964,0.348,0.579,Åland
01-01-1965,-0.689,0.548,Åland
01-02-1965,-3.573,0.381,Åland
01-03-1965,-2.131,0.311,Åland
01-04-1965,2.589,0.315,Åland
01-05-1965,5.302,0.372,Åland
01-06-1965,12.197,0.632,Åland
01-07-1965,13.516,0.524,Åland
01-08-1965,13.889,0.344,Åland
01-09-1965,13.083,0.264,Åland
01-10-1965,8.037,0.292,Åland
01-11-1965,-0.833,0.717,Åland
01-12-1965,-2.824,0.826,Åland
01-01-1966,-7.879,0.565,Åland
01-02-1966,-11.461,0.505,Åland
01-03-1966,-2.139,0.44,Åland
01-04-1966,-0.835,0.398,Åland
01-05-1966,7.057,0.653,Åland
01-06-1966,14.718,0.574,Åland
01-07-1966,16.457,0.48,Åland
01-08-1966,14.413,0.464,Åland
01-09-1966,10.452,0.401,Åland
01-10-1966,6.501,0.206,Åland
01-11-1966,3.99,0.308,Åland
01-12-1966,0.306,0.512,Åland
01-01-1967,-5.738,0.715,Åland
01-02-1967,-1.388,0.527,Åland
01-03-1967,2.059,0.689,Åland
01-04-1967,2.573,0.427,Åland
01-05-1967,6.527,0.524,Åland
01-06-1967,11.664,0.302,Åland
01-07-1967,15.763,0.439,Åland
01-08-1967,15.549,0.481,Åland
01-09-1967,12.778,0.326,Åland
01-10-1967,9.236,0.261,Åland
01-11-1967,5.808,0.262,Åland
01-12-1967,-4.295,0.728,Åland
01-01-1968,-7.354,1.181,Åland
01-02-1968,-3.638,0.61,Åland
01-03-1968,0.198,0.498,Åland
01-04-1968,3.95,0.51,Åland
01-05-1968,5.626,0.385,Åland
01-06-1968,14.216,0.383,Åland
01-07-1968,14.642,0.429,Åland
01-08-1968,15.991,0.345,Åland
01-09-1968,12.142,0.356,Åland
01-10-1968,5.304,0.536,Åland
01-11-1968,0.998,0.529,Åland
01-12-1968,-0.001,0.712,Åland
01-01-1969,-3.076,0.734,Åland
01-02-1969,-6.594,0.622,Åland
01-03-1969,-5.221,0.63,Åland
01-04-1969,2.227,0.376,Åland
01-05-1969,6.34,0.32,Åland
01-06-1969,13.827,0.494,Åland
01-07-1969,16.217,0.418,Åland
01-08-1969,17.369,0.435,Åland
01-09-1969,11.52,0.307,Åland
01-10-1969,7.773,0.209,Åland
01-11-1969,2.176,0.456,Åland
01-12-1969,-3.537,0.66,Åland
01-01-1970,-6.495,0.584,Åland
01-02-1970,-10.835,0.478,Åland
01-03-1970,-1.583,0.608,Åland
01-04-1970,0.493,0.463,Åland
01-05-1970,6.939,0.565,Åland
01-06-1970,14.252,0.676,Åland
01-07-1970,14.52,0.458,Åland
01-08-1970,15.416,0.431,Åland
01-09-1970,11.291,0.187,Åland
01-10-1970,6.934,0.333,Åland
01-11-1970,1.701,0.291,Åland
01-12-1970,0.681,0.467,Åland
01-01-1971,0.064,0.732,Åland
01-02-1971,-1.951,0.523,Åland
01-03-1971,-3.457,0.339,Åland
01-04-1971,1.161,0.397,Åland
01-05-1971,7.877,0.462,Åland
01-06-1971,11.717,0.402,Åland
01-07-1971,15.677,0.397,Åland
01-08-1971,15.375,0.33,Åland
01-09-1971,10.551,0.293,Åland
01-10-1971,7.196,0.257,Åland
01-11-1971,1.497,0.234,Åland
01-12-1971,1.778,0.47,Åland
01-01-1972,-3.942,0.384,Åland
01-02-1972,-1.432,0.42,Åland
01-03-1972,-0.787,0.286,Åland
01-04-1972,1.577,0.269,Åland
01-05-1972,6.616,0.646,Åland
01-06-1972,13.654,0.461,Åland
01-07-1972,18.196,0.538,Åland
01-08-1972,15.796,0.403,Åland
01-09-1972,11.068,0.252,Åland
01-10-1972,7.055,0.418,Åland
01-11-1972,3.875,0.265,Åland
01-12-1972,4.624,0.829,Åland
01-01-1973,2.011,0.644,Åland
01-02-1973,-0.626,0.46,Åland
01-03-1973,1.94,0.52,Åland
01-04-1973,2.216,0.411,Åland
01-05-1973,7.672,0.372,Åland
01-06-1973,14.271,0.476,Åland
01-07-1973,18.634,0.518,Åland
01-08-1973,15.219,0.381,Åland
01-09-1973,9.735,0.385,Åland
01-10-1973,4.943,0.268,Åland
01-11-1973,0.498,0.344,Åland
01-12-1973,-2.136,0.469,Åland
01-01-1974,0.992,0.449,Åland
01-02-1974,1.082,0.571,Åland
01-03-1974,0.077,0.338,Åland
01-04-1974,3.274,0.629,Åland
01-05-1974,6.571,0.438,Åland
01-06-1974,12.99,0.487,Åland
01-07-1974,14.62,0.416,Åland
01-08-1974,15.067,0.347,Åland
01-09-1974,12.983,0.278,Åland
01-10-1974,6.471,0.29,Åland
01-11-1974,4.439,0.342,Åland
01-12-1974,2.637,0.534,Åland
01-01-1975,1.791,0.368,Åland
01-02-1975,-0.003,0.467,Åland
01-03-1975,0.806,0.406,Åland
01-04-1975,2.61,0.415,Åland
01-05-1975,8.595,0.295,Åland
01-06-1975,11.933,0.712,Åland
01-07-1975,16.524,0.605,Åland
01-08-1975,17.218,0.627,Åland
01-09-1975,13.569,0.242,Åland
01-10-1975,7.484,0.294,Åland
01-11-1975,4.55,0.329,Åland
01-12-1975,1.777,0.391,Åland
01-01-1976,-4.48,0.702,Åland
01-02-1976,-2.197,0.463,Åland
01-03-1976,-3.46,0.379,Åland
01-04-1976,1.682,0.358,Åland
01-05-1976,7.976,0.287,Åland
01-06-1976,11.316,0.575,Åland
01-07-1976,14.726,0.654,Åland
01-08-1976,15.647,0.432,Åland
01-09-1976,9.547,0.491,Åland
01-10-1976,5.459,0.422,Åland
01-11-1976,3.312,0.2,Åland
01-12-1976,-1.533,0.321,Åland
01-01-1977,-1.678,0.428,Åland
01-02-1977,-5.234,0.372,Åland
01-03-1977,-0.403,0.381,Åland
01-04-1977,0.851,0.45,Åland
01-05-1977,6.709,0.286,Åland
01-06-1977,12.054,0.351,Åland
01-07-1977,12.858,0.529,Åland
01-08-1977,14.307,0.368,Åland
01-09-1977,9.919,0.271,Åland
01-10-1977,7.57,0.175,Åland
01-11-1977,4.24,0.173,Åland
01-12-1977,0.718,0.315,Åland
01-01-1978,-0.878,0.294,Åland
01-02-1978,-6.668,0.613,Åland
01-03-1978,-1.986,0.303,Åland
01-04-1978,0.874,0.346,Åland
01-05-1978,7.218,0.267,Åland
01-06-1978,12.557,0.507,Åland
01-07-1978,13.879,0.475,Åland
01-08-1978,14.521,0.405,Åland
01-09-1978,9.932,0.18,Åland
01-10-1978,6.485,0.232,Åland
01-11-1978,5.01,0.371,Åland
01-12-1978,-6,1.008,Åland
01-01-1979,-6.341,0.446,Åland
01-02-1979,-6.88,0.333,Åland
01-03-1979,-0.877,0.408,Åland
01-04-1979,0.828,0.406,Åland
01-05-1979,7.597,0.624,Åland
01-06-1979,13.786,0.585,Åland
01-07-1979,14.296,0.43,Åland
01-08-1979,15.466,0.312,Åland
01-09-1979,11.207,0.19,Åland
01-10-1979,5.746,0.194,Åland
01-11-1979,3.6,0.199,Åland
01-12-1979,-0.761,0.529,Åland
01-01-1980,-4.073,0.518,Åland
01-02-1980,-6.484,0.441,Åland
01-03-1980,-3.947,0.466,Åland
01-04-1980,2.928,0.597,Åland
01-05-1980,6.154,0.241,Åland
01-06-1980,13.999,0.642,Åland
01-07-1980,16.32,0.366,Åland
01-08-1980,15.173,0.367,Åland
01-09-1980,12.852,0.223,Åland
01-10-1980,6.433,0.284,Åland
01-11-1980,0.636,0.511,Åland
01-12-1980,0.197,0.234,Åland
01-01-1981,-2.24,0.624,Åland
01-02-1981,-2.703,0.243,Åland
01-03-1981,-3.264,0.456,Åland
01-04-1981,1.891,0.358,Åland
01-05-1981,8.728,0.225,Åland
01-06-1981,11.205,0.528,Åland
01-07-1981,15.542,0.428,Åland
01-08-1981,14.59,0.261,Åland
01-09-1981,11.185,0.325,Åland
01-10-1981,7.112,0.302,Åland
01-11-1981,2.634,0.26,Åland
01-12-1981,-3.987,0.74,Åland
01-01-1982,-6.269,0.444,Åland
01-02-1982,-3.43,0.448,Åland
01-03-1982,0.798,0.344,Åland
01-04-1982,2.216,0.397,Åland
01-05-1982,7.246,0.349,Åland
01-06-1982,10.412,0.433,Åland
01-07-1982,15.839,0.625,Åland
01-08-1982,16.213,0.413,Åland
01-09-1982,11.705,0.238,Åland
01-10-1982,7.353,0.287,Åland
01-11-1982,5.624,0.33,Åland
01-12-1982,1.676,0.324,Åland
01-01-1983,1.291,0.518,Åland
01-02-1983,-3.616,0.427,Åland
01-03-1983,-0.899,0.316,Åland
01-04-1983,2.632,0.437,Åland
01-05-1983,8.195,0.281,Åland
01-06-1983,11.882,0.366,Åland
01-07-1983,16.167,0.506,Åland
01-08-1983,15.893,0.508,Åland
01-09-1983,12.361,0.326,Åland
01-10-1983,7.608,0.221,Åland
01-11-1983,2.017,0.311,Åland
01-12-1983,0.078,0.493,Åland
01-01-1984,-2.335,0.311,Åland
01-02-1984,-1.589,0.344,Åland
01-03-1984,-2.92,0.309,Åland
01-04-1984,3.202,0.277,Åland
01-05-1984,9.225,0.49,Åland
01-06-1984,12.36,0.338,Åland
01-07-1984,14.764,0.535,Åland
01-08-1984,15.776,0.429,Åland
01-09-1984,10.955,0.33,Åland
01-10-1984,8.903,0.317,Åland
01-11-1984,4.683,0.336,Åland
01-12-1984,1.793,0.411,Åland
01-01-1985,-8.916,0.857,Åland
01-02-1985,-12.097,0.435,Åland
01-03-1985,-2.063,0.471,Åland
01-04-1985,0.043,0.207,Åland
01-05-1985,6.411,0.422,Åland
01-06-1985,11.522,0.807,Åland
01-07-1985,15.198,0.469,Åland
01-08-1985,15.491,0.477,Åland
01-09-1985,10.344,0.378,Åland
01-10-1985,8.023,0.433,Åland
01-11-1985,1.333,0.153,Åland
01-12-1985,-3.683,0.893,Åland
01-01-1986,-4.415,0.666,Åland
01-02-1986,-8.442,0.482,Åland
01-03-1986,0.025,0.333,Åland
01-04-1986,0.688,0.434,Åland
01-05-1986,9.182,0.517,Åland
01-06-1986,14.012,0.397,Åland
01-07-1986,15.37,0.525,Åland
01-08-1986,13.326,0.213,Åland
01-09-1986,8.752,0.217,Åland
01-10-1986,7.246,0.355,Åland
01-11-1986,5.709,0.423,Åland
01-12-1986,-1.452,0.745,Åland
01-01-1987,-11.867,1.216,Åland
01-02-1987,-4.468,0.211,Åland
01-03-1987,-5.35,0.248,Åland
01-04-1987,1.902,0.24,Åland
01-05-1987,5.457,0.223,Åland
01-06-1987,9.809,0.35,Åland
01-07-1987,14.457,0.509,Åland
01-08-1987,12.422,0.33,Åland
01-09-1987,10.195,0.307,Åland
01-10-1987,8.755,0.334,Åland
01-11-1987,3.474,0.204,Åland
01-12-1987,-0.167,0.225,Åland
01-01-1988,0.879,0.606,Åland
01-02-1988,-0.686,0.171,Åland
01-03-1988,-2.029,0.374,Åland
01-04-1988,1.456,0.44,Åland
01-05-1988,8.666,0.381,Åland
01-06-1988,13.46,1.132,Åland
01-07-1988,17.769,0.485,Åland
01-08-1988,14.505,0.322,Åland
01-09-1988,12.736,0.285,Åland
01-10-1988,6.447,0.197,Åland
01-11-1988,0.469,0.345,Åland
01-12-1988,-1.653,0.326,Åland
01-01-1989,2.818,0.958,Åland
01-02-1989,2.508,0.709,Åland
01-03-1989,2.267,0.461,Åland
01-04-1989,3.417,0.35,Åland
01-05-1989,9.114,0.572,Åland
01-06-1989,13.169,0.514,Åland
01-07-1989,16.119,0.508,Åland
01-08-1989,14.955,0.403,Åland
01-09-1989,12.664,0.279,Åland
01-10-1989,7.678,0.24,Åland
01-11-1989,3.596,0.196,Åland
01-12-1989,-1.312,0.377,Åland
01-01-1990,0.515,0.359,Åland
01-02-1990,3.35,0.629,Åland
01-03-1990,3.134,0.231,Åland
01-04-1990,4.846,0.255,Åland
01-05-1990,8.708,0.378,Åland
01-06-1990,12.595,0.49,Åland
01-07-1990,14.767,0.636,Åland
01-08-1990,16.074,0.427,Åland
01-09-1990,10.533,0.358,Åland
01-10-1990,7.543,0.273,Åland
01-11-1990,2.475,0.236,Åland
01-12-1990,2.117,0.498,Åland
01-01-1991,0.548,0.498,Åland
01-02-1991,-2.957,0.322,Åland
01-03-1991,1.042,0.315,Åland
01-04-1991,3.25,0.336,Åland
01-05-1991,6.053,0.305,Åland
01-06-1991,10.076,0.47,Åland
01-07-1991,16.353,0.652,Åland
01-08-1991,16.968,0.449,Åland
01-09-1991,11.265,0.313,Åland
01-10-1991,7.646,0.275,Åland
01-11-1991,4.879,0.485,Åland
01-12-1991,2.081,0.423,Åland
01-01-1992,1.703,0.868,Åland
01-02-1992,0.502,0.453,Åland
01-03-1992,1.943,0.507,Åland
01-04-1992,1.384,0.568,Åland
01-05-1992,9.979,0.335,Åland
01-06-1992,14.622,0.547,Åland
01-07-1992,15.315,0.555,Åland
01-08-1992,15.057,0.461,Åland
01-09-1992,11.903,0.485,Åland
01-10-1992,3.718,0.625,Åland
01-11-1992,2.77,0.236,Åland
01-12-1992,2.492,0.851,Åland
01-01-1993,1.118,0.487,Åland
01-02-1993,0.002,0.397,Åland
01-03-1993,0.861,0.29,Åland
01-04-1993,3.323,0.333,Åland
01-05-1993,10.065,0.36,Åland
01-06-1993,10.173,0.43,Åland
01-07-1993,15.052,0.428,Åland
01-08-1993,13.678,0.289,Åland
01-09-1993,8.834,0.299,Åland
01-10-1993,6.131,0.304,Åland
01-11-1993,1.363,0.367,Åland
01-12-1993,0.281,0.322,Åland
01-01-1994,-1.321,0.363,Åland
01-02-1994,-8.209,0.674,Åland
01-03-1994,-1.057,0.383,Åland
01-04-1994,4.044,0.397,Åland
01-05-1994,6.74,0.439,Åland
01-06-1994,11.252,0.677,Åland
01-07-1994,18.356,0.537,Åland
01-08-1994,16.23,0.357,Åland
01-09-1994,11.828,0.204,Åland
01-10-1994,6.539,0.208,Åland
01-11-1994,3.449,0.182,Åland
01-12-1994,2.943,0.453,Åland
01-01-1995,-0.866,0.365,Åland
01-02-1995,0.909,0.644,Åland
01-03-1995,1.167,0.318,Åland
01-04-1995,2.266,0.444,Åland
01-05-1995,6.624,0.273,Åland
01-06-1995,13.494,0.467,Åland
01-07-1995,15.335,0.6,Åland
01-08-1995,16.052,0.502,Åland
01-09-1995,12.001,0.257,Åland
01-10-1995,9.619,0.257,Åland
01-11-1995,1.299,0.5,Åland
01-12-1995,-3.498,0.922,Åland
01-01-1996,-2.474,0.422,Åland
01-02-1996,-6.921,0.579,Åland
01-03-1996,-2.117,0.414,Åland
01-04-1996,2.747,0.434,Åland
01-05-1996,5.84,0.284,Åland
01-06-1996,11.727,0.49,Åland
01-07-1996,14.11,0.231,Åland
01-08-1996,17.922,0.287,Åland
01-09-1996,10.598,0.522,Åland
01-10-1996,8.56,0.257,Åland
01-11-1996,4.186,0.224,Åland
01-12-1996,-1.342,0.526,Åland
01-01-1997,-0.646,0.497,Åland
01-02-1997,-0.406,0.39,Åland
01-03-1997,0.967,0.434,Åland
01-04-1997,1.74,0.457,Åland
01-05-1997,6.329,0.379,Åland
01-06-1997,13.598,0.422,Åland
01-07-1997,17.653,0.458,Åland
01-08-1997,19.173,0.391,Åland
01-09-1997,12.726,0.327,Åland
01-10-1997,5.358,0.289,Åland
01-11-1997,2.898,0.263,Åland
01-12-1997,0.701,0.324,Åland
01-01-1998,0.931,0.489,Åland
01-02-1998,0.322,0.485,Åland
01-03-1998,-1.105,0.587,Åland
01-04-1998,2.145,0.383,Åland
01-05-1998,7.39,0.29,Åland
01-06-1998,10.879,0.418,Åland
01-07-1998,14.78,0.355,Åland
01-08-1998,13.798,0.292,Åland
01-09-1998,12.368,0.303,Åland
01-10-1998,7.05,0.297,Åland
01-11-1998,0.823,0.309,Åland
01-12-1998,0.714,0.451,Åland
01-01-1999,-1.784,0.334,Åland
01-02-1999,-2.633,0.403,Åland
01-03-1999,-0.072,0.333,Åland
01-04-1999,4.087,0.212,Åland
01-05-1999,6.826,0.276,Åland
01-06-1999,14.124,0.433,Åland
01-07-1999,17.239,0.383,Åland
01-08-1999,15.362,0.351,Åland
01-09-1999,14.599,0.255,Åland
01-10-1999,8.173,0.185,Åland
01-11-1999,5.246,0.547,Åland
01-12-1999,0.001,0.536,Åland
01-01-2000,0.197,0.407,Åland
01-02-2000,-0.023,0.399,Åland
01-03-2000,0.615,0.429,Åland
01-04-2000,4.124,0.348,Åland
01-05-2000,8.557,0.447,Åland
01-06-2000,11.742,0.291,Åland
01-07-2000,14.655,0.543,Åland
01-08-2000,15.008,0.373,Åland
01-09-2000,11.475,0.255,Åland
01-10-2000,10.428,0.277,Åland
01-11-2000,7.133,0.469,Åland
01-12-2000,3.489,0.538,Åland
01-01-2001,0.591,0.49,Åland
01-02-2001,-4.174,0.462,Åland
01-03-2001,-1.903,0.499,Åland
01-04-2001,3.448,0.375,Åland
01-05-2001,7.588,0.225,Åland
01-06-2001,12.426,0.308,Åland
01-07-2001,17.797,0.535,Åland
01-08-2001,16.03,0.235,Åland
01-09-2001,12.618,0.331,Åland
01-10-2001,9.686,0.182,Åland
01-11-2001,3.724,0.252,Åland
01-12-2001,-1.013,0.38,Åland
01-01-2002,-0.769,0.369,Åland
01-02-2002,0.942,0.342,Åland
01-03-2002,1.09,0.282,Åland
01-04-2002,4.164,0.246,Åland
01-05-2002,9.461,0.25,Åland
01-06-2002,14.961,0.357,Åland
01-07-2002,17.572,0.407,Åland
01-08-2002,19.613,0.251,Åland
01-09-2002,12.564,0.266,Åland
01-10-2002,3.781,0.432,Åland
01-11-2002,1.051,0.241,Åland
01-12-2002,-2.817,0.439,Åland
01-01-2003,-3.975,0.583,Åland
01-02-2003,-3.673,0.347,Åland
01-03-2003,1.039,0.34,Åland
01-04-2003,1.99,0.338,Åland
01-05-2003,7.992,0.398,Åland
01-06-2003,12.451,0.361,Åland
01-07-2003,18.674,0.442,Åland
01-08-2003,16.504,0.396,Åland
01-09-2003,12.889,0.273,Åland
01-10-2003,5.253,0.434,Åland
01-11-2003,4.65,0.276,Åland
01-12-2003,2.087,0.369,Åland
01-01-2004,-2.322,0.347,Åland
01-02-2004,-1.262,0.236,Åland
01-03-2004,0.101,0.325,Åland
01-04-2004,4.012,0.339,Åland
01-05-2004,7.833,0.254,Åland
01-06-2004,11.613,0.38,Åland
01-07-2004,15.44,0.39,Åland
01-08-2004,17.084,0.321,Åland
01-09-2004,12.82,0.243,Åland
01-10-2004,7.729,0.2,Åland
01-11-2004,2.924,0.215,Åland
01-12-2004,2.252,0.434,Åland
01-01-2005,1.379,0.422,Åland
01-02-2005,-1.899,0.361,Åland
01-03-2005,-3.197,0.45,Åland
01-04-2005,3.61,0.303,Åland
01-05-2005,7.593,0.276,Åland
01-06-2005,11.87,0.303,Åland
01-07-2005,17.572,0.279,Åland
01-08-2005,15.995,0.154,Åland
01-09-2005,12.978,0.215,Åland
01-10-2005,8.719,0.245,Åland
01-11-2005,5.364,0.336,Åland
01-12-2005,0.705,0.342,Åland
01-01-2006,-1.472,0.49,Åland
01-02-2006,-3.087,0.366,Åland
01-03-2006,-4.654,0.435,Åland
01-04-2006,2.654,0.245,Åland
01-05-2006,7.797,0.417,Åland
01-06-2006,13.315,0.357,Åland
01-07-2006,17.601,0.343,Åland
01-08-2006,18.367,0.411,Åland
01-09-2006,14.745,0.248,Åland
01-10-2006,9.554,0.146,Åland
01-11-2006,5.152,0.219,Åland
01-12-2006,5.235,0.509,Åland
01-01-2007,0.594,0.384,Åland
01-02-2007,-4.042,0.338,Åland
01-03-2007,2.443,0.237,Åland
01-04-2007,4.621,0.252,Åland
01-05-2007,8.411,0.288,Åland
01-06-2007,13.723,0.475,Åland
01-07-2007,15.749,0.367,Åland
01-08-2007,16.776,0.275,Åland
01-09-2007,11.785,0.345,Åland
01-10-2007,7.97,0.168,Åland
01-11-2007,3.331,0.18,Åland
01-12-2007,2.987,0.536,Åland
01-01-2008,2.315,0.478,Åland
01-02-2008,2.121,0.399,Åland
01-03-2008,0.783,0.314,Åland
01-04-2008,4.391,0.34,Åland
01-05-2008,8.826,0.354,Åland
01-06-2008,13.706,0.496,Åland
01-07-2008,16.623,0.458,Åland
01-08-2008,15.06,0.382,Åland
01-09-2008,11.082,0.244,Åland
01-10-2008,8.699,0.247,Åland
01-11-2008,4.125,0.169,Åland
01-12-2008,2.176,0.523,Åland
01-01-2009,-0.725,0.381,Åland
01-02-2009,-2.544,0.421,Åland
01-03-2009,-0.099,0.179,Åland
01-04-2009,4.469,0.569,Åland
01-05-2009,9.082,0.375,Åland
01-06-2009,11.67,0.251,Åland
01-07-2009,16.086,0.508,Åland
01-08-2009,16.423,0.245,Åland
01-09-2009,13.177,0.325,Åland
01-10-2009,5.614,0.3,Åland
01-11-2009,5.539,0.422,Åland
01-12-2009,-0.823,0.427,Åland
01-01-2010,-6.416,0.499,Åland
01-02-2010,-6.285,0.234,Åland
01-03-2010,-1.853,0.252,Åland
01-04-2010,2.812,0.325,Åland
01-05-2010,8.07,0.463,Åland
01-06-2010,12.212,0.5,Åland
01-07-2010,19.119,0.565,Åland
01-08-2010,16.512,0.426,Åland
01-09-2010,12.001,0.218,Åland
01-10-2010,6.698,0.259,Åland
01-11-2010,0.79,0.297,Åland
01-12-2010,-5.317,0.736,Åland
01-01-2011,-1.959,0.461,Åland
01-02-2011,-6.39,0.454,Åland
01-03-2011,-0.311,0.249,Åland
01-04-2011,4.804,0.716,Åland
01-05-2011,8.603,0.457,Åland
01-06-2011,14.473,0.327,Åland
01-07-2011,18.003,0.581,Åland
01-08-2011,16.819,0.199,Åland
01-09-2011,13.606,0.201,Åland
01-10-2011,8.583,0.247,Åland
01-11-2011,6.415,0.438,Åland
01-12-2011,3.403,0.7,Åland
01-01-2012,-0.943,0.345,Åland
01-02-2012,-3.454,0.246,Åland
01-03-2012,2.317,0.354,Åland
01-04-2012,2.935,0.399,Åland
01-05-2012,8.434,0.318,Åland
01-06-2012,10.645,0.589,Åland
01-07-2012,16.05,0.445,Åland
01-08-2012,15.605,0.269,Åland
01-09-2012,12.087,0.364,Åland
01-10-2012,7.03,0.495,Åland
01-11-2012,5.478,0.261,Åland
01-12-2012,-3.417,0.384,Åland
01-01-2013,-2.569,0.603,Åland
01-02-2013,-1.782,0.55,Åland
01-03-2013,-4.779,0.698,Åland
01-04-2013,1.701,0.543,Åland
01-05-2013,10.327,0.612,Åland
01-06-2013,14.068,0.423,Åland
01-07-2013,16.447,0.483,Åland
01-08-2013,16.425,0.378,Åland
